0 of 10008 tasks cached; running 10008 on 12 workers
  3/10008 tasks, 1.0 min elapsed
  5/10008 tasks, 1.8 min elapsed
  12/10008 tasks, 2.4 min elapsed
  14/10008 tasks, 3.0 min elapsed
  16/10008 tasks, 3.5 min elapsed
  17/10008 tasks, 4.1 min elapsed
  22/10008 tasks, 4.8 min elapsed
  23/10008 tasks, 23.1 min elapsed
  25/10008 tasks, 26.0 min elapsed
  26/10008 tasks, 26.9 min elapsed
  27/10008 tasks, 28.7 min elapsed
  29/10008 tasks, 30.8 min elapsed
  33/10008 tasks, 37.3 min elapsed
  34/10008 tasks, 38.4 min elapsed
  36/10008 tasks, 39.0 min elapsed
  37/10008 tasks, 39.6 min elapsed
  39/10008 tasks, 40.6 min elapsed
  41/10008 tasks, 47.7 min elapsed
  42/10008 tasks, 49.4 min elapsed
  43/10008 tasks, 53.3 min elapsed
  45/10008 tasks, 62.1 min elapsed
  47/10008 tasks, 62.8 min elapsed
  49/10008 tasks, 64.9 min elapsed
  50/10008 tasks, 65.6 min elapsed
  52/10008 tasks, 66.3 min elapsed
  53/10008 tasks, 74.2 min elapsed
  54/10008 tasks, 75.7 min elapsed
  55/10008 tasks, 78.0 min elapsed
  57/10008 tasks, 87.6 min elapsed
  59/10008 tasks, 89.0 min elapsed
  60/10008 tasks, 90.8 min elapsed
  62/10008 tasks, 92.0 min elapsed
  63/10008 tasks, 93.0 min elapsed
  66/10008 tasks, 94.6 min elapsed
  68/10008 tasks, 97.9 min elapsed
  69/10008 tasks, 98.8 min elapsed
  71/10008 tasks, 99.3 min elapsed
  72/10008 tasks, 101.3 min elapsed
  73/10008 tasks, 104.8 min elapsed
  74/10008 tasks, 106.0 min elapsed
  75/10008 tasks, 106.8 min elapsed
  77/10008 tasks, 107.3 min elapsed
  79/10008 tasks, 107.9 min elapsed
  81/10008 tasks, 108.5 min elapsed
  83/10008 tasks, 109.2 min elapsed
  85/10008 tasks, 109.8 min elapsed
  87/10008 tasks, 110.4 min elapsed
  90/10008 tasks, 111.0 min elapsed
  93/10008 tasks, 111.6 min elapsed
  98/10008 tasks, 112.1 min elapsed
  104/10008 tasks, 112.7 min elapsed
  110/10008 tasks, 113.3 min elapsed
  114/10008 tasks, 113.9 min elapsed
  118/10008 tasks, 114.4 min elapsed
  125/10008 tasks, 115.1 min elapsed
  128/10008 tasks, 115.8 min elapsed
  129/10008 tasks, 117.9 min elapsed
  130/10008 tasks, 118.8 min elapsed
  131/10008 tasks, 119.6 min elapsed
  132/10008 tasks, 120.3 min elapsed
  134/10008 tasks, 121.2 min elapsed
  135/10008 tasks, 121.7 min elapsed
  137/10008 tasks, 124.2 min elapsed
  140/10008 tasks, 126.1 min elapsed
  141/10008 tasks, 127.4 min elapsed
  142/10008 tasks, 128.2 min elapsed
  143/10008 tasks, 130.3 min elapsed
  145/10008 tasks, 131.2 min elapsed
  146/10008 tasks, 133.4 min elapsed
  147/10008 tasks, 134.3 min elapsed
  148/10008 tasks, 135.9 min elapsed
  149/10008 tasks, 136.6 min elapsed
  151/10008 tasks, 140.1 min elapsed
  153/10008 tasks, 141.4 min elapsed
  154/10008 tasks, 142.4 min elapsed
  155/10008 tasks, 144.0 min elapsed
  156/10008 tasks, 145.2 min elapsed
  157/10008 tasks, 145.8 min elapsed
  159/10008 tasks, 149.5 min elapsed
  161/10008 tasks, 150.1 min elapsed
  163/10008 tasks, 150.9 min elapsed
  164/10008 tasks, 152.4 min elapsed
  165/10008 tasks, 153.4 min elapsed
  166/10008 tasks, 154.2 min elapsed
  169/10008 tasks, 158.1 min elapsed
  170/10008 tasks, 160.4 min elapsed
  171/10008 tasks, 162.7 min elapsed
  173/10008 tasks, 163.8 min elapsed
  175/10008 tasks, 165.5 min elapsed
  176/10008 tasks, 166.1 min elapsed
  177/10008 tasks, 169.9 min elapsed
  179/10008 tasks, 172.5 min elapsed
  180/10008 tasks, 173.1 min elapsed
  181/10008 tasks, 173.7 min elapsed
  183/10008 tasks, 176.3 min elapsed
  185/10008 tasks, 178.1 min elapsed
  186/10008 tasks, 179.8 min elapsed
  187/10008 tasks, 182.9 min elapsed
  189/10008 tasks, 183.6 min elapsed
  191/10008 tasks, 187.4 min elapsed
  192/10008 tasks, 188.4 min elapsed
  193/10008 tasks, 190.4 min elapsed
  194/10008 tasks, 190.9 min elapsed
  195/10008 tasks, 194.7 min elapsed
  198/10008 tasks, 195.4 min elapsed
  199/10008 tasks, 200.3 min elapsed
  200/10008 tasks, 201.2 min elapsed
  201/10008 tasks, 201.8 min elapsed
  202/10008 tasks, 202.6 min elapsed
  203/10008 tasks, 207.4 min elapsed
  206/10008 tasks, 208.1 min elapsed
  207/10008 tasks, 213.3 min elapsed
  209/10008 tasks, 214.0 min elapsed
  210/10008 tasks, 215.1 min elapsed
  211/10008 tasks, 217.0 min elapsed
  212/10008 tasks, 217.6 min elapsed
  215/10008 tasks, 218.1 min elapsed
  216/10008 tasks, 218.8 min elapsed
  218/10008 tasks, 219.6 min elapsed
  221/10008 tasks, 220.3 min elapsed
  224/10008 tasks, 221.1 min elapsed
  228/10008 tasks, 222.2 min elapsed
  230/10008 tasks, 222.9 min elapsed
  231/10008 tasks, 223.7 min elapsed
  234/10008 tasks, 224.3 min elapsed
  236/10008 tasks, 225.0 min elapsed
  240/10008 tasks, 226.1 min elapsed
  243/10008 tasks, 227.2 min elapsed
  246/10008 tasks, 227.7 min elapsed
  248/10008 tasks, 228.4 min elapsed
  251/10008 tasks, 229.3 min elapsed
  252/10008 tasks, 229.9 min elapsed
  255/10008 tasks, 231.0 min elapsed
  258/10008 tasks, 231.5 min elapsed
  260/10008 tasks, 232.2 min elapsed
  261/10008 tasks, 233.5 min elapsed
  263/10008 tasks, 234.3 min elapsed
  264/10008 tasks, 234.8 min elapsed
  267/10008 tasks, 235.9 min elapsed
  271/10008 tasks, 237.4 min elapsed
  272/10008 tasks, 238.0 min elapsed
  273/10008 tasks, 238.7 min elapsed
  275/10008 tasks, 239.3 min elapsed
  277/10008 tasks, 240.0 min elapsed
  280/10008 tasks, 240.6 min elapsed
  282/10008 tasks, 241.1 min elapsed
  285/10008 tasks, 241.8 min elapsed
  290/10008 tasks, 242.4 min elapsed
  297/10008 tasks, 242.9 min elapsed
  315/10008 tasks, 243.6 min elapsed
  321/10008 tasks, 246.9 min elapsed
  331/10008 tasks, 247.9 min elapsed
  333/10008 tasks, 250.9 min elapsed
  343/10008 tasks, 251.7 min elapsed
  345/10008 tasks, 254.7 min elapsed
  351/10008 tasks, 255.2 min elapsed
  355/10008 tasks, 255.8 min elapsed
  357/10008 tasks, 258.8 min elapsed
  365/10008 tasks, 259.4 min elapsed
  368/10008 tasks, 259.9 min elapsed
  369/10008 tasks, 262.7 min elapsed
  375/10008 tasks, 263.4 min elapsed
  379/10008 tasks, 264.0 min elapsed
  381/10008 tasks, 267.3 min elapsed
  387/10008 tasks, 268.0 min elapsed
  391/10008 tasks, 269.1 min elapsed
  393/10008 tasks, 272.4 min elapsed
  401/10008 tasks, 273.1 min elapsed
  404/10008 tasks, 273.6 min elapsed
  405/10008 tasks, 276.8 min elapsed
  411/10008 tasks, 277.8 min elapsed
  415/10008 tasks, 278.5 min elapsed
  417/10008 tasks, 281.6 min elapsed
  423/10008 tasks, 282.3 min elapsed
  427/10008 tasks, 283.0 min elapsed
  429/10008 tasks, 286.1 min elapsed
  431/10008 tasks, 287.2 min elapsed
  436/10008 tasks, 287.7 min elapsed
  441/10008 tasks, 288.5 min elapsed
  443/10008 tasks, 290.2 min elapsed
  445/10008 tasks, 291.9 min elapsed
  447/10008 tasks, 292.6 min elapsed
  448/10008 tasks, 293.9 min elapsed
  450/10008 tasks, 294.9 min elapsed
  453/10008 tasks, 296.0 min elapsed
  456/10008 tasks, 297.6 min elapsed
  458/10008 tasks, 299.2 min elapsed
  459/10008 tasks, 300.8 min elapsed
  462/10008 tasks, 301.6 min elapsed
  463/10008 tasks, 302.1 min elapsed
  464/10008 tasks, 303.5 min elapsed
  465/10008 tasks, 304.8 min elapsed
  466/10008 tasks, 305.3 min elapsed
  467/10008 tasks, 306.4 min elapsed
  471/10008 tasks, 307.1 min elapsed
  472/10008 tasks, 308.7 min elapsed
  473/10008 tasks, 309.6 min elapsed
  474/10008 tasks, 311.0 min elapsed
  476/10008 tasks, 311.9 min elapsed
  479/10008 tasks, 312.5 min elapsed
  482/10008 tasks, 313.3 min elapsed
  486/10008 tasks, 314.4 min elapsed
  489/10008 tasks, 314.9 min elapsed
  492/10008 tasks, 315.5 min elapsed
  494/10008 tasks, 316.3 min elapsed
  498/10008 tasks, 316.8 min elapsed
  501/10008 tasks, 317.7 min elapsed
  505/10008 tasks, 318.2 min elapsed
  508/10008 tasks, 319.0 min elapsed
  513/10008 tasks, 319.5 min elapsed
  516/10008 tasks, 320.1 min elapsed
  523/10008 tasks, 320.7 min elapsed
  531/10008 tasks, 321.3 min elapsed
  535/10008 tasks, 326.7 min elapsed
  537/10008 tasks, 327.7 min elapsed
  542/10008 tasks, 329.8 min elapsed
  547/10008 tasks, 332.0 min elapsed
  549/10008 tasks, 333.0 min elapsed
  550/10008 tasks, 334.2 min elapsed
  554/10008 tasks, 335.4 min elapsed
  558/10008 tasks, 336.3 min elapsed
  559/10008 tasks, 337.1 min elapsed
  561/10008 tasks, 338.1 min elapsed
  562/10008 tasks, 339.2 min elapsed
  566/10008 tasks, 340.1 min elapsed
  570/10008 tasks, 342.8 min elapsed
  574/10008 tasks, 343.6 min elapsed
  578/10008 tasks, 344.5 min elapsed
  581/10008 tasks, 345.7 min elapsed
  582/10008 tasks, 346.6 min elapsed
  583/10008 tasks, 347.3 min elapsed
  603/10008 tasks, 347.8 min elapsed
  612/10008 tasks, 348.7 min elapsed
  618/10008 tasks, 349.3 min elapsed
  622/10008 tasks, 349.8 min elapsed
  628/10008 tasks, 350.4 min elapsed
  635/10008 tasks, 351.0 min elapsed
  641/10008 tasks, 351.6 min elapsed
  647/10008 tasks, 352.2 min elapsed
  653/10008 tasks, 352.7 min elapsed
  657/10008 tasks, 353.3 min elapsed
  661/10008 tasks, 353.8 min elapsed
  669/10008 tasks, 354.5 min elapsed
  677/10008 tasks, 356.6 min elapsed
  684/10008 tasks, 357.1 min elapsed
  689/10008 tasks, 358.4 min elapsed
  693/10008 tasks, 359.2 min elapsed
  702/10008 tasks, 359.7 min elapsed
  705/10008 tasks, 360.3 min elapsed
  714/10008 tasks, 360.8 min elapsed
  726/10008 tasks, 361.3 min elapsed
  737/10008 tasks, 362.6 min elapsed
  749/10008 tasks, 363.4 min elapsed
  761/10008 tasks, 363.9 min elapsed
  775/10008 tasks, 364.4 min elapsed
  777/10008 tasks, 365.5 min elapsed
  789/10008 tasks, 366.1 min elapsed
  795/10008 tasks, 366.6 min elapsed
  813/10008 tasks, 367.2 min elapsed
  817/10008 tasks, 368.3 min elapsed
  829/10008 tasks, 368.9 min elapsed
  836/10008 tasks, 369.4 min elapsed
  852/10008 tasks, 369.9 min elapsed
  857/10008 tasks, 371.0 min elapsed
  869/10008 tasks, 371.6 min elapsed
  879/10008 tasks, 372.2 min elapsed
  893/10008 tasks, 372.7 min elapsed
  897/10008 tasks, 373.7 min elapsed
  909/10008 tasks, 374.2 min elapsed
  917/10008 tasks, 374.8 min elapsed
  937/10008 tasks, 376.1 min elapsed
  949/10008 tasks, 376.8 min elapsed
  966/10008 tasks, 377.4 min elapsed
  977/10008 tasks, 378.2 min elapsed
  982/10008 tasks, 378.8 min elapsed
  998/10008 tasks, 379.3 min elapsed
  1017/10008 tasks, 380.8 min elapsed
  1029/10008 tasks, 382.0 min elapsed
  1037/10008 tasks, 382.8 min elapsed
  1041/10008 tasks, 383.7 min elapsed
  1049/10008 tasks, 384.5 min elapsed
  1053/10008 tasks, 385.1 min elapsed
  1061/10008 tasks, 385.7 min elapsed
  1065/10008 tasks, 386.4 min elapsed
  1073/10008 tasks, 387.0 min elapsed
  1077/10008 tasks, 388.9 min elapsed
  1085/10008 tasks, 389.5 min elapsed
  1089/10008 tasks, 390.5 min elapsed
  1093/10008 tasks, 391.5 min elapsed
  1103/10008 tasks, 392.1 min elapsed
  1105/10008 tasks, 392.9 min elapsed
  1115/10008 tasks, 393.4 min elapsed
  1117/10008 tasks, 394.2 min elapsed
  1127/10008 tasks, 394.7 min elapsed
  1129/10008 tasks, 395.6 min elapsed
  1139/10008 tasks, 396.1 min elapsed
  1141/10008 tasks, 397.0 min elapsed
  1152/10008 tasks, 397.5 min elapsed
  1153/10008 tasks, 398.0 min elapsed
  1157/10008 tasks, 399.0 min elapsed
  1165/10008 tasks, 400.0 min elapsed
  1169/10008 tasks, 401.0 min elapsed
  1181/10008 tasks, 402.3 min elapsed
  1193/10008 tasks, 403.4 min elapsed
  1203/10008 tasks, 404.0 min elapsed
  1205/10008 tasks, 404.7 min elapsed
  1215/10008 tasks, 405.4 min elapsed
  1217/10008 tasks, 406.1 min elapsed
  1226/10008 tasks, 406.6 min elapsed
  1229/10008 tasks, 407.2 min elapsed
  1237/10008 tasks, 408.1 min elapsed
  1241/10008 tasks, 408.8 min elapsed
  1249/10008 tasks, 409.6 min elapsed
  1253/10008 tasks, 410.2 min elapsed
  1261/10008 tasks, 411.1 min elapsed
  1265/10008 tasks, 411.7 min elapsed
  1273/10008 tasks, 412.3 min elapsed
  1277/10008 tasks, 413.1 min elapsed
  1285/10008 tasks, 413.7 min elapsed
  1289/10008 tasks, 414.6 min elapsed
  1299/10008 tasks, 415.2 min elapsed
  1301/10008 tasks, 416.0 min elapsed
  1313/10008 tasks, 417.2 min elapsed
  1317/10008 tasks, 417.8 min elapsed
  1325/10008 tasks, 418.9 min elapsed
  1329/10008 tasks, 419.5 min elapsed
  1337/10008 tasks, 420.4 min elapsed
  1341/10008 tasks, 420.9 min elapsed
  1349/10008 tasks, 421.6 min elapsed
  1355/10008 tasks, 422.1 min elapsed
  1361/10008 tasks, 422.8 min elapsed
  1367/10008 tasks, 423.3 min elapsed
  1373/10008 tasks, 424.0 min elapsed
  1377/10008 tasks, 424.6 min elapsed
  1385/10008 tasks, 425.3 min elapsed
  1389/10008 tasks, 425.9 min elapsed
  1397/10008 tasks, 426.7 min elapsed
  1401/10008 tasks, 427.2 min elapsed
  1409/10008 tasks, 428.0 min elapsed
  1413/10008 tasks, 428.6 min elapsed
  1421/10008 tasks, 429.5 min elapsed
  1427/10008 tasks, 430.1 min elapsed
  1433/10008 tasks, 430.7 min elapsed
  1439/10008 tasks, 431.3 min elapsed
  1445/10008 tasks, 431.9 min elapsed
  1451/10008 tasks, 432.4 min elapsed
  1457/10008 tasks, 433.2 min elapsed
  1461/10008 tasks, 433.8 min elapsed
  1469/10008 tasks, 434.5 min elapsed
  1473/10008 tasks, 435.0 min elapsed
  1481/10008 tasks, 435.8 min elapsed
  1485/10008 tasks, 436.3 min elapsed
  1493/10008 tasks, 437.2 min elapsed
  1497/10008 tasks, 438.0 min elapsed
  1499/10008 tasks, 438.6 min elapsed
  1501/10008 tasks, 440.1 min elapsed
  1503/10008 tasks, 440.7 min elapsed
  1505/10008 tasks, 441.6 min elapsed
  1509/10008 tasks, 442.3 min elapsed
  1511/10008 tasks, 443.0 min elapsed
  1513/10008 tasks, 444.5 min elapsed
  1516/10008 tasks, 445.2 min elapsed
  1517/10008 tasks, 445.8 min elapsed
  1520/10008 tasks, 446.5 min elapsed
  1522/10008 tasks, 447.1 min elapsed
  1525/10008 tasks, 448.9 min elapsed
  1527/10008 tasks, 449.4 min elapsed
  1529/10008 tasks, 450.3 min elapsed
  1532/10008 tasks, 450.9 min elapsed
  1534/10008 tasks, 451.5 min elapsed
  1536/10008 tasks, 452.1 min elapsed
  1537/10008 tasks, 453.2 min elapsed
  1542/10008 tasks, 454.1 min elapsed
  1546/10008 tasks, 454.7 min elapsed
  1552/10008 tasks, 455.3 min elapsed
  1556/10008 tasks, 455.8 min elapsed
  1562/10008 tasks, 456.3 min elapsed
  1567/10008 tasks, 456.9 min elapsed
  1573/10008 tasks, 457.4 min elapsed
  1577/10008 tasks, 457.9 min elapsed
  1582/10008 tasks, 458.4 min elapsed
  1588/10008 tasks, 459.0 min elapsed
  1592/10008 tasks, 459.6 min elapsed
  1597/10008 tasks, 462.9 min elapsed
  1601/10008 tasks, 463.4 min elapsed
  1604/10008 tasks, 464.0 min elapsed
  1608/10008 tasks, 464.5 min elapsed
  1609/10008 tasks, 467.2 min elapsed
  1613/10008 tasks, 467.7 min elapsed
  1616/10008 tasks, 468.4 min elapsed
  1621/10008 tasks, 471.5 min elapsed
  1624/10008 tasks, 472.0 min elapsed
  1628/10008 tasks, 472.6 min elapsed
  1633/10008 tasks, 475.8 min elapsed
  1635/10008 tasks, 476.3 min elapsed
  1639/10008 tasks, 476.8 min elapsed
  1643/10008 tasks, 477.3 min elapsed
  1646/10008 tasks, 477.9 min elapsed
  1651/10008 tasks, 478.5 min elapsed
  1655/10008 tasks, 479.2 min elapsed
  1663/10008 tasks, 479.8 min elapsed
  1667/10008 tasks, 480.4 min elapsed
  1675/10008 tasks, 481.0 min elapsed
  1679/10008 tasks, 481.6 min elapsed
  1687/10008 tasks, 482.2 min elapsed
  1691/10008 tasks, 483.2 min elapsed
  1697/10008 tasks, 486.1 min elapsed
  1702/10008 tasks, 486.6 min elapsed
  1703/10008 tasks, 487.6 min elapsed
  1709/10008 tasks, 490.3 min elapsed
  1714/10008 tasks, 491.1 min elapsed
  1715/10008 tasks, 492.0 min elapsed
  1720/10008 tasks, 492.5 min elapsed
  1721/10008 tasks, 494.6 min elapsed
  1725/10008 tasks, 495.1 min elapsed
  1727/10008 tasks, 496.3 min elapsed
  1732/10008 tasks, 497.0 min elapsed
  1733/10008 tasks, 498.9 min elapsed
  1736/10008 tasks, 499.5 min elapsed
  1739/10008 tasks, 500.6 min elapsed
  1745/10008 tasks, 501.1 min elapsed
  1749/10008 tasks, 501.9 min elapsed
  1754/10008 tasks, 502.4 min elapsed
  1761/10008 tasks, 503.2 min elapsed
  1769/10008 tasks, 503.8 min elapsed
  1773/10008 tasks, 504.5 min elapsed
  1781/10008 tasks, 505.0 min elapsed
  1785/10008 tasks, 505.7 min elapsed
  1791/10008 tasks, 506.2 min elapsed
  1797/10008 tasks, 509.9 min elapsed
  1801/10008 tasks, 510.4 min elapsed
  1806/10008 tasks, 511.1 min elapsed
  1809/10008 tasks, 514.2 min elapsed
  1813/10008 tasks, 514.8 min elapsed
  1818/10008 tasks, 515.5 min elapsed
  1821/10008 tasks, 518.5 min elapsed
  1825/10008 tasks, 519.0 min elapsed
  1830/10008 tasks, 519.9 min elapsed
  1833/10008 tasks, 522.9 min elapsed
  1837/10008 tasks, 523.5 min elapsed
  1842/10008 tasks, 524.0 min elapsed
  1844/10008 tasks, 524.6 min elapsed
  1849/10008 tasks, 525.1 min elapsed
  1853/10008 tasks, 525.7 min elapsed
  1857/10008 tasks, 526.2 min elapsed
  1865/10008 tasks, 527.0 min elapsed
  1870/10008 tasks, 527.5 min elapsed
  1877/10008 tasks, 528.2 min elapsed
  1882/10008 tasks, 528.8 min elapsed
  1889/10008 tasks, 529.7 min elapsed
  1894/10008 tasks, 530.2 min elapsed
  1897/10008 tasks, 532.9 min elapsed
  1900/10008 tasks, 533.4 min elapsed
  1902/10008 tasks, 534.1 min elapsed
  1908/10008 tasks, 534.8 min elapsed
  1909/10008 tasks, 537.2 min elapsed
  1912/10008 tasks, 537.9 min elapsed
  1914/10008 tasks, 538.5 min elapsed
  1920/10008 tasks, 539.2 min elapsed
  1921/10008 tasks, 541.5 min elapsed
  1923/10008 tasks, 542.0 min elapsed
  1925/10008 tasks, 542.7 min elapsed
  1928/10008 tasks, 543.2 min elapsed
  1933/10008 tasks, 545.8 min elapsed
  1935/10008 tasks, 546.5 min elapsed
  1937/10008 tasks, 547.0 min elapsed
  1942/10008 tasks, 547.6 min elapsed
  1950/10008 tasks, 548.1 min elapsed
  1960/10008 tasks, 548.7 min elapsed
  1970/10008 tasks, 549.3 min elapsed
  1979/10008 tasks, 549.8 min elapsed
  1989/10008 tasks, 550.4 min elapsed
  1997/10008 tasks, 554.6 min elapsed
  2007/10008 tasks, 555.2 min elapsed
  2009/10008 tasks, 559.0 min elapsed
  2017/10008 tasks, 559.5 min elapsed
  2021/10008 tasks, 563.4 min elapsed
  2030/10008 tasks, 564.0 min elapsed
  2033/10008 tasks, 567.8 min elapsed
  2041/10008 tasks, 568.3 min elapsed
  2050/10008 tasks, 568.9 min elapsed
  2058/10008 tasks, 569.4 min elapsed
  2068/10008 tasks, 570.0 min elapsed
  2077/10008 tasks, 570.5 min elapsed
  2086/10008 tasks, 571.0 min elapsed
  2093/10008 tasks, 571.5 min elapsed
  2095/10008 tasks, 572.4 min elapsed
  2097/10008 tasks, 575.4 min elapsed
  2105/10008 tasks, 576.1 min elapsed
  2107/10008 tasks, 576.8 min elapsed
  2109/10008 tasks, 579.9 min elapsed
  2116/10008 tasks, 580.4 min elapsed
  2119/10008 tasks, 581.1 min elapsed
  2121/10008 tasks, 584.2 min elapsed
  2127/10008 tasks, 584.8 min elapsed
  2131/10008 tasks, 585.4 min elapsed
  2133/10008 tasks, 588.6 min elapsed
  2139/10008 tasks, 589.2 min elapsed
  2144/10008 tasks, 589.8 min elapsed
  2148/10008 tasks, 590.4 min elapsed
  2153/10008 tasks, 590.9 min elapsed
  2156/10008 tasks, 591.5 min elapsed
  2161/10008 tasks, 592.1 min elapsed
  2169/10008 tasks, 592.7 min elapsed
  2172/10008 tasks, 593.2 min elapsed
  2180/10008 tasks, 593.8 min elapsed
  2184/10008 tasks, 594.4 min elapsed
  2192/10008 tasks, 595.0 min elapsed
  2195/10008 tasks, 595.6 min elapsed
  2197/10008 tasks, 598.5 min elapsed
  2201/10008 tasks, 599.2 min elapsed
  2205/10008 tasks, 599.8 min elapsed
  2208/10008 tasks, 600.4 min elapsed
  2209/10008 tasks, 603.1 min elapsed
  2212/10008 tasks, 603.6 min elapsed
  2217/10008 tasks, 604.2 min elapsed
  2220/10008 tasks, 604.8 min elapsed
  2221/10008 tasks, 607.4 min elapsed
  2224/10008 tasks, 608.0 min elapsed
  2229/10008 tasks, 608.7 min elapsed
1721 of 8468 tasks cached; running 6747 on 12 workers
  8/6747 tasks, 0.5 min elapsed
1736 of 8468 tasks cached; running 6732 on 12 workers
  1/6732 tasks, 3.8 min elapsed
  18/6732 tasks, 4.4 min elapsed
  28/6732 tasks, 5.9 min elapsed
  37/6732 tasks, 6.8 min elapsed
  41/6732 tasks, 7.4 min elapsed
  50/6732 tasks, 7.9 min elapsed
  61/6732 tasks, 12.3 min elapsed
  70/6732 tasks, 12.8 min elapsed
  73/6732 tasks, 13.8 min elapsed
  79/6732 tasks, 14.3 min elapsed
  82/6732 tasks, 15.2 min elapsed
  86/6732 tasks, 15.7 min elapsed
  90/6732 tasks, 16.3 min elapsed
  91/6732 tasks, 18.5 min elapsed
  94/6732 tasks, 19.6 min elapsed
  98/6732 tasks, 20.1 min elapsed
  103/6732 tasks, 21.0 min elapsed
  107/6732 tasks, 21.5 min elapsed
  112/6732 tasks, 22.3 min elapsed
  119/6732 tasks, 23.0 min elapsed
  121/6732 tasks, 25.8 min elapsed
  124/6732 tasks, 26.7 min elapsed
  131/6732 tasks, 27.2 min elapsed
  133/6732 tasks, 28.0 min elapsed
  140/6732 tasks, 28.7 min elapsed
  141/6732 tasks, 29.3 min elapsed
  149/6732 tasks, 29.8 min elapsed
  151/6732 tasks, 32.5 min elapsed
  153/6732 tasks, 33.6 min elapsed
  159/6732 tasks, 34.1 min elapsed
  163/6732 tasks, 34.9 min elapsed
  171/6732 tasks, 35.6 min elapsed
  173/6732 tasks, 36.4 min elapsed
  179/6732 tasks, 37.0 min elapsed
  181/6732 tasks, 39.7 min elapsed
  184/6732 tasks, 40.5 min elapsed
  191/6732 tasks, 41.2 min elapsed
  192/6732 tasks, 41.7 min elapsed
  197/6732 tasks, 42.2 min elapsed
  201/6732 tasks, 42.9 min elapsed
  204/6732 tasks, 43.5 min elapsed
  211/6732 tasks, 46.3 min elapsed
  213/6732 tasks, 47.2 min elapsed
  216/6732 tasks, 47.8 min elapsed
  222/6732 tasks, 48.3 min elapsed
  223/6732 tasks, 48.9 min elapsed
  229/6732 tasks, 49.5 min elapsed
  232/6732 tasks, 50.0 min elapsed
  235/6732 tasks, 50.7 min elapsed
  241/6732 tasks, 53.7 min elapsed
  244/6732 tasks, 54.3 min elapsed
  247/6732 tasks, 55.0 min elapsed
  253/6732 tasks, 55.8 min elapsed
  257/6732 tasks, 56.4 min elapsed
  261/6732 tasks, 57.0 min elapsed
  265/6732 tasks, 57.7 min elapsed
  269/6732 tasks, 58.2 min elapsed
  271/6732 tasks, 60.6 min elapsed
  272/6732 tasks, 61.1 min elapsed
  276/6732 tasks, 61.8 min elapsed
  279/6732 tasks, 62.3 min elapsed
  283/6732 tasks, 63.0 min elapsed
  287/6732 tasks, 63.6 min elapsed
  292/6732 tasks, 64.3 min elapsed
  295/6732 tasks, 64.9 min elapsed
  301/6732 tasks, 68.1 min elapsed
  305/6732 tasks, 68.7 min elapsed
  307/6732 tasks, 69.3 min elapsed
  313/6732 tasks, 70.1 min elapsed
  316/6732 tasks, 70.7 min elapsed
  321/6732 tasks, 71.2 min elapsed
  323/6732 tasks, 71.9 min elapsed
  328/6732 tasks, 72.5 min elapsed
  331/6732 tasks, 75.4 min elapsed
  334/6732 tasks, 76.2 min elapsed
  338/6732 tasks, 76.8 min elapsed
  343/6732 tasks, 77.8 min elapsed
  347/6732 tasks, 78.3 min elapsed
  352/6732 tasks, 79.2 min elapsed
  358/6732 tasks, 79.8 min elapsed
  361/6732 tasks, 83.1 min elapsed
  364/6732 tasks, 83.6 min elapsed
  370/6732 tasks, 84.3 min elapsed
  373/6732 tasks, 85.1 min elapsed
  377/6732 tasks, 85.6 min elapsed
  381/6732 tasks, 86.3 min elapsed
  384/6732 tasks, 86.9 min elapsed
  391/6732 tasks, 90.2 min elapsed
  393/6732 tasks, 90.8 min elapsed
  395/6732 tasks, 91.4 min elapsed
  403/6732 tasks, 92.6 min elapsed
  408/6732 tasks, 93.1 min elapsed
  413/6732 tasks, 93.6 min elapsed
  442/6732 tasks, 94.1 min elapsed
  457/6732 tasks, 94.7 min elapsed
  467/6732 tasks, 95.2 min elapsed
  489/6732 tasks, 95.7 min elapsed
  517/6732 tasks, 96.2 min elapsed
  550/6732 tasks, 96.7 min elapsed
  582/6732 tasks, 97.2 min elapsed
  609/6732 tasks, 97.7 min elapsed
  645/6732 tasks, 98.3 min elapsed
  702/6732 tasks, 98.8 min elapsed
  729/6732 tasks, 99.3 min elapsed
  765/6732 tasks, 99.8 min elapsed
  819/6732 tasks, 100.3 min elapsed
  865/6732 tasks, 101.3 min elapsed
  901/6732 tasks, 101.9 min elapsed
  932/6732 tasks, 102.4 min elapsed
  961/6732 tasks, 103.0 min elapsed
  993/6732 tasks, 103.5 min elapsed
  1021/6732 tasks, 104.0 min elapsed
  1049/6732 tasks, 104.5 min elapsed
  1081/6732 tasks, 105.1 min elapsed
  1113/6732 tasks, 105.6 min elapsed
  1141/6732 tasks, 106.1 min elapsed
  1169/6732 tasks, 106.7 min elapsed
  1200/6732 tasks, 107.2 min elapsed
  1225/6732 tasks, 107.7 min elapsed
  1258/6732 tasks, 108.2 min elapsed
  1284/6732 tasks, 108.7 min elapsed
  1309/6732 tasks, 109.2 min elapsed
  1350/6732 tasks, 109.7 min elapsed
  1379/6732 tasks, 110.2 min elapsed
  1403/6732 tasks, 110.8 min elapsed
  1427/6732 tasks, 111.4 min elapsed
  1455/6732 tasks, 111.9 min elapsed
  1483/6732 tasks, 112.5 min elapsed
  1511/6732 tasks, 113.1 min elapsed
  1560/6732 tasks, 113.6 min elapsed
  1619/6732 tasks, 114.2 min elapsed
  1643/6732 tasks, 114.9 min elapsed
  1667/6732 tasks, 115.4 min elapsed
  1691/6732 tasks, 116.0 min elapsed
  1715/6732 tasks, 116.6 min elapsed
  1739/6732 tasks, 117.2 min elapsed
  1763/6732 tasks, 117.9 min elapsed
  1779/6732 tasks, 118.5 min elapsed
  1799/6732 tasks, 119.1 min elapsed
  1823/6732 tasks, 119.9 min elapsed
  1847/6732 tasks, 120.6 min elapsed
  1867/6732 tasks, 121.1 min elapsed
  1883/6732 tasks, 121.7 min elapsed
  1912/6732 tasks, 122.2 min elapsed
  2046/6732 tasks, 122.7 min elapsed
  2142/6732 tasks, 123.2 min elapsed
  2248/6732 tasks, 123.7 min elapsed
  2285/6732 tasks, 124.2 min elapsed
  2309/6732 tasks, 125.0 min elapsed
  2321/6732 tasks, 125.6 min elapsed
  2333/6732 tasks, 126.2 min elapsed
  2356/6732 tasks, 126.9 min elapsed
  2365/6732 tasks, 127.4 min elapsed
  2372/6732 tasks, 128.0 min elapsed
  2391/6732 tasks, 128.5 min elapsed
  2410/6732 tasks, 129.3 min elapsed
  2422/6732 tasks, 130.0 min elapsed
  2438/6732 tasks, 130.5 min elapsed
  2455/6732 tasks, 131.0 min elapsed
  2462/6732 tasks, 131.5 min elapsed
  2472/6732 tasks, 132.1 min elapsed
  2486/6732 tasks, 132.6 min elapsed
  2509/6732 tasks, 133.1 min elapsed
  2517/6732 tasks, 133.7 min elapsed
  2522/6732 tasks, 134.2 min elapsed
  2545/6732 tasks, 134.8 min elapsed
  2560/6732 tasks, 135.4 min elapsed
  2572/6732 tasks, 136.1 min elapsed
  2614/6732 tasks, 136.6 min elapsed
  2664/6732 tasks, 137.1 min elapsed
  2720/6732 tasks, 137.6 min elapsed
  2772/6732 tasks, 138.1 min elapsed
  2825/6732 tasks, 139.2 min elapsed
  2837/6732 tasks, 139.9 min elapsed
  2849/6732 tasks, 140.9 min elapsed
  2861/6732 tasks, 141.6 min elapsed
  2873/6732 tasks, 142.4 min elapsed
  2885/6732 tasks, 143.4 min elapsed
  2897/6732 tasks, 144.4 min elapsed
  2909/6732 tasks, 145.1 min elapsed
  2921/6732 tasks, 145.8 min elapsed
  2933/6732 tasks, 146.7 min elapsed
  2945/6732 tasks, 147.4 min elapsed
  2957/6732 tasks, 148.2 min elapsed
  2965/6732 tasks, 148.8 min elapsed
  2973/6732 tasks, 149.4 min elapsed
  2981/6732 tasks, 150.0 min elapsed
  2993/6732 tasks, 150.5 min elapsed
  3005/6732 tasks, 151.5 min elapsed
  3017/6732 tasks, 152.4 min elapsed
  3029/6732 tasks, 153.1 min elapsed
  3041/6732 tasks, 153.8 min elapsed
  3046/6732 tasks, 154.3 min elapsed
  3053/6732 tasks, 154.9 min elapsed
  3063/6732 tasks, 155.4 min elapsed
  3086/6732 tasks, 155.9 min elapsed
  3114/6732 tasks, 156.4 min elapsed
  3138/6732 tasks, 156.9 min elapsed
  3169/6732 tasks, 157.4 min elapsed
  3193/6732 tasks, 157.9 min elapsed
  3221/6732 tasks, 158.5 min elapsed
  3252/6732 tasks, 159.0 min elapsed
  3275/6732 tasks, 159.5 min elapsed
  3305/6732 tasks, 160.0 min elapsed
  3329/6732 tasks, 160.6 min elapsed
  3361/6732 tasks, 161.1 min elapsed
  3385/6732 tasks, 161.6 min elapsed
  3413/6732 tasks, 162.2 min elapsed
  3445/6732 tasks, 162.7 min elapsed
  3473/6732 tasks, 163.3 min elapsed
  3509/6732 tasks, 163.9 min elapsed
  3552/6732 tasks, 164.4 min elapsed
  3574/6732 tasks, 164.9 min elapsed
  3605/6732 tasks, 165.5 min elapsed
  3637/6732 tasks, 166.0 min elapsed
  3661/6732 tasks, 166.6 min elapsed
  3689/6732 tasks, 167.2 min elapsed
  3713/6732 tasks, 167.7 min elapsed
  3745/6732 tasks, 168.2 min elapsed
  3769/6732 tasks, 168.7 min elapsed
  3797/6732 tasks, 169.3 min elapsed
  3828/6732 tasks, 169.9 min elapsed
  3846/6732 tasks, 170.4 min elapsed
  3872/6732 tasks, 170.9 min elapsed
  3893/6732 tasks, 171.4 min elapsed
  3921/6732 tasks, 171.9 min elapsed
  3941/6732 tasks, 172.5 min elapsed
  3967/6732 tasks, 173.0 min elapsed
  3989/6732 tasks, 173.5 min elapsed
  4015/6732 tasks, 174.0 min elapsed
  4037/6732 tasks, 174.6 min elapsed
  4065/6732 tasks, 175.1 min elapsed
  4085/6732 tasks, 175.7 min elapsed
  4111/6732 tasks, 176.2 min elapsed
  4138/6732 tasks, 176.7 min elapsed
  4189/6732 tasks, 177.2 min elapsed
  4241/6732 tasks, 177.7 min elapsed
  4251/6732 tasks, 178.6 min elapsed
  4265/6732 tasks, 179.5 min elapsed
  4281/6732 tasks, 180.3 min elapsed
  4295/6732 tasks, 181.3 min elapsed
  4369/6732 tasks, 181.8 min elapsed
  4474/6732 tasks, 182.3 min elapsed
  4576/6732 tasks, 182.8 min elapsed
  4678/6732 tasks, 183.3 min elapsed
  4778/6732 tasks, 183.8 min elapsed
  4879/6732 tasks, 184.4 min elapsed
  4921/6732 tasks, 185.1 min elapsed
  4945/6732 tasks, 185.7 min elapsed
  4969/6732 tasks, 186.4 min elapsed
  4992/6732 tasks, 186.9 min elapsed
  5005/6732 tasks, 187.5 min elapsed
  5029/6732 tasks, 188.1 min elapsed
  5053/6732 tasks, 188.7 min elapsed
  5076/6732 tasks, 189.2 min elapsed
  5089/6732 tasks, 189.8 min elapsed
  5113/6732 tasks, 190.4 min elapsed
  5137/6732 tasks, 191.1 min elapsed
  5160/6732 tasks, 191.6 min elapsed
  5173/6732 tasks, 192.1 min elapsed
  5195/6732 tasks, 192.6 min elapsed
  5209/6732 tasks, 193.1 min elapsed
  5232/6732 tasks, 193.6 min elapsed
  5251/6732 tasks, 194.1 min elapsed
  5268/6732 tasks, 194.7 min elapsed
  5282/6732 tasks, 195.2 min elapsed
  5303/6732 tasks, 195.7 min elapsed
  5321/6732 tasks, 196.2 min elapsed
  5341/6732 tasks, 196.8 min elapsed
  5360/6732 tasks, 197.3 min elapsed
  5377/6732 tasks, 197.9 min elapsed
  5395/6732 tasks, 198.4 min elapsed
  5413/6732 tasks, 198.9 min elapsed
  5435/6732 tasks, 199.4 min elapsed
  5453/6732 tasks, 199.9 min elapsed
  5471/6732 tasks, 200.4 min elapsed
  5486/6732 tasks, 200.9 min elapsed
  5510/6732 tasks, 201.4 min elapsed
  5565/6732 tasks, 201.9 min elapsed
  5622/6732 tasks, 202.4 min elapsed
  5678/6732 tasks, 203.0 min elapsed
  5733/6732 tasks, 203.5 min elapsed
  5790/6732 tasks, 204.0 min elapsed
  5846/6732 tasks, 204.5 min elapsed
  5901/6732 tasks, 205.0 min elapsed
  5958/6732 tasks, 205.5 min elapsed
  5989/6732 tasks, 206.3 min elapsed
  6001/6732 tasks, 206.9 min elapsed
  6013/6732 tasks, 207.5 min elapsed
  6025/6732 tasks, 208.0 min elapsed
  6037/6732 tasks, 208.7 min elapsed
  6049/6732 tasks, 209.3 min elapsed
  6061/6732 tasks, 210.0 min elapsed
  6073/6732 tasks, 210.6 min elapsed
  6085/6732 tasks, 211.2 min elapsed
  6097/6732 tasks, 211.7 min elapsed
  6109/6732 tasks, 212.4 min elapsed
  6121/6732 tasks, 213.0 min elapsed
  6133/6732 tasks, 213.7 min elapsed
  6145/6732 tasks, 214.3 min elapsed
  6157/6732 tasks, 214.9 min elapsed
  6169/6732 tasks, 215.5 min elapsed
  6181/6732 tasks, 216.1 min elapsed
  6193/6732 tasks, 216.7 min elapsed
  6205/6732 tasks, 217.4 min elapsed
  6217/6732 tasks, 218.0 min elapsed
  6229/6732 tasks, 218.6 min elapsed
  6241/6732 tasks, 219.2 min elapsed
  6253/6732 tasks, 219.8 min elapsed
  6265/6732 tasks, 220.4 min elapsed
  6277/6732 tasks, 221.0 min elapsed
  6289/6732 tasks, 221.7 min elapsed
  6301/6732 tasks, 222.3 min elapsed
  6313/6732 tasks, 222.9 min elapsed
  6325/6732 tasks, 223.5 min elapsed
  6337/6732 tasks, 224.1 min elapsed
  6349/6732 tasks, 224.7 min elapsed
  6361/6732 tasks, 225.4 min elapsed
  6373/6732 tasks, 226.0 min elapsed
  6385/6732 tasks, 226.7 min elapsed
  6397/6732 tasks, 227.3 min elapsed
  6409/6732 tasks, 227.9 min elapsed
  6421/6732 tasks, 228.4 min elapsed
  6433/6732 tasks, 229.1 min elapsed
  6445/6732 tasks, 229.7 min elapsed
  6457/6732 tasks, 230.4 min elapsed
  6525/6732 tasks, 230.9 min elapsed
  6573/6732 tasks, 231.4 min elapsed
  6589/6732 tasks, 232.2 min elapsed
  6601/6732 tasks, 233.0 min elapsed
  6613/6732 tasks, 233.8 min elapsed
  6625/6732 tasks, 234.5 min elapsed
  6637/6732 tasks, 235.2 min elapsed
  6649/6732 tasks, 236.0 min elapsed
  6661/6732 tasks, 236.8 min elapsed
  6673/6732 tasks, 237.5 min elapsed
  6732/6732 tasks, 237.7 min elapsed
| family | param | n | impl | dtype | R | fail_frac | psi2_orlicz_max | psi2_orlicz_med | psi2_moment_max | psi2_bottom_sv | psi2_ratio | max_bias | bias_se | diverged_frac | med_first_div | max_err_Bu | max_err_u | max_err_p | max_drift | tol_snaps_per_run | clamps_per_run | forced_max | max_steps | sec_per_run | fail_reasons |
|---|---|---|---|---|---|---|---|---|---|---|---|---|---|---|---|---|---|---|---|---|---|---|---|---|---|
| gaussian |  | 50 | lstsq | float64 | 2000 | 0 | 0.98 | 0.703 | 0.433 | 0.0807 | 1 | 0.0219 | 0.00937 | 0 |  | 4.76e-15 | 2.22e-14 | 9.38e-15 |  | 0 | 0 | 2.22e-16 | 50 | 0.152 |  |
| gaussian |  | 50 | lstsq | float32 | 2000 | 0 | 0.98 | 0.703 | 0.433 | 0.0807 | 1 | 0.0219 | 0.00937 | 0 |  | 1.2e-06 | 3.6e-06 | 2.37e-06 |  | 0 | 0 | 1.19e-07 | 50 | 0.154 |  |
| gaussian |  | 50 | lstsq | float16 | 2000 | 0 | 0.937 | 0.71 | 0.43 | 0.082 | 0.956 | 0.0202 | 0.0104 | 0.929 | 7 | 0.00925 | 0.0362 | 0.025 |  | 2.15 | 0 | 0.000977 | 50 | 0.169 |  |
| gaussian |  | 50 | gs | float64 | 2000 | 0 | 0.98 | 0.703 | 0.433 | 0.0807 | 1 | 0.0219 | 0.00937 | 0 |  | 1.83e-14 | 6.13e-14 | 2.63e-14 | 6.26e-14 | 0 | 0 | 3.33e-16 | 50 | 0.0131 |  |
| gaussian |  | 50 | gs | float32 | 2000 | 0 | 0.979 | 0.703 | 0.432 | 0.0807 | 0.999 | 0.0217 | 0.00936 | 0.001 | 29.5 | 1.34e-05 | 2.4e-05 | 1.05e-05 | 3.79e-05 | 0.0005 | 0 | 1.19e-07 | 50 | 0.013 |  |
| gaussian |  | 50 | gs | float16 | 2000 | 0 | 0.967 | 0.705 | 0.425 | 0.082 | 0.987 | 0.0261 | 0.00984 | 0.992 | 4 | 0.0901 | 0.569 | 0.0781 | 0.241 | 2.22 | 0.0185 | 0.000977 | 50 | 0.0186 |  |
| conditioned | kappa=1 | 50 | lstsq | float64 | 2000 | 0 | 1.67 | 1.57 | 0.727 | 1.6 | 1 | 0.0439 | 0.0226 | 0 |  | 1.32e-15 | 5.82e-16 | 0 |  | 0 | 0 | 1.11e-16 | 50 | 0.154 |  |
| conditioned | kappa=1 | 50 | lstsq | float32 | 2000 | 0 | 1.67 | 1.57 | 0.727 | 1.6 | 1 | 0.0439 | 0.0226 | 0 |  | 4.55e-07 | 2.99e-07 | 2.98e-08 |  | 0 | 0 | 5.96e-08 | 50 | 0.154 |  |
| conditioned | kappa=1 | 50 | lstsq | float16 | 2000 | 0 | 1.67 | 1.57 | 0.727 | 1.6 | 1 | 0.0435 | 0.0226 | 0 |  | 0.00335 | 0.002 | 0.000244 |  | 0 | 0 | 0.000488 | 50 | 0.178 |  |
| conditioned | kappa=1 | 50 | gs | float64 | 2000 | 0 | 1.67 | 1.57 | 0.727 | 1.6 | 1 | 0.0439 | 0.0226 | 0 |  | 8.52e-16 | 3.46e-16 | 0 | 2.22e-16 | 0 | 0 | 1.11e-16 | 50 | 0.0133 |  |
| conditioned | kappa=1 | 50 | gs | float32 | 2000 | 0 | 1.67 | 1.57 | 0.727 | 1.6 | 1 | 0.0439 | 0.0226 | 0 |  | 7.08e-08 | 3.66e-08 | 2.96e-08 | 6.14e-08 | 0 | 0 | 5.96e-08 | 50 | 0.0131 |  |
| conditioned | kappa=1 | 50 | gs | float16 | 2000 | 0 | 1.67 | 1.57 | 0.727 | 1.6 | 1 | 0.0437 | 0.0226 | 0 |  | 0.000582 | 0.000263 | 0.000243 | 0.00127 | 0 | 0 | 0.000488 | 50 | 0.0318 |  |
| conditioned | kappa=100 | 50 | lstsq | float64 | 2000 | 0 | 0.832 | 0.366 | 0.364 | 0.0587 | 1 | 0.0101 | 0.00442 | 0 |  | 4.45e-15 | 1.45e-14 | 1.69e-14 |  | 0 | 0 | 4.44e-16 | 50 | 0.155 |  |
| conditioned | kappa=100 | 50 | lstsq | float32 | 2000 | 0 | 0.832 | 0.366 | 0.364 | 0.0587 | 1 | 0.00982 | 0.00443 | 0.0005 | 11 | 4.29e-07 | 2.8e-06 | 8.03e-06 |  | 0.0005 | 0 | 1.19e-07 | 50 | 0.154 |  |
| conditioned | kappa=100 | 50 | lstsq | float16 | 2000 | 0 | 0.841 | 0.361 | 0.377 | 0.059 | 1.01 | 0.0142 | 0.0119 | 0.971 | 8 | 0.00299 | 0.0196 | 0.0152 |  | 2.55 | 0 | 0.000977 | 50 | 0.168 |  |
| conditioned | kappa=100 | 50 | gs | float64 | 2000 | 0 | 0.832 | 0.366 | 0.364 | 0.0587 | 1 | 0.0101 | 0.00442 | 0 |  | 1.06e-13 | 1.63e-13 | 1.97e-13 | 3.38e-13 | 0 | 0 | 3.33e-16 | 50 | 0.0134 |  |
| conditioned | kappa=100 | 50 | gs | float32 | 2000 | 0 | 0.832 | 0.366 | 0.364 | 0.0587 | 1 | 0.0104 | 0.00442 | 0.006 | 18 | 5.05e-05 | 6.55e-05 | 0.000468 | 0.000174 | 0 | 0 | 1.19e-07 | 50 | 0.0132 |  |
| conditioned | kappa=100 | 50 | gs | float16 | 2000 | 0.007 | 0.892 | 0.391 | 0.397 | 0.0581 | 1.07 | 0.00717 | 0.00625 | 1 | 1 | 0.792 | 0.816 | 0.955 | 1.77 | 2.6 | 0.006 | 0.00195 | 50 | 0.0183 | nonfinite_u:14 |
| conditioned | kappa=10000 | 50 | lstsq | float64 | 2000 | 0 | 0.818 | 0.271 | 0.373 | 0.000812 | 1 | 0.00762 | 0.00472 | 0 |  | 5.64e-15 | 6.18e-13 | 1.95e-13 |  | 0 | 0 | 4.44e-16 | 50 | 0.155 |  |
| conditioned | kappa=10000 | 50 | lstsq | float32 | 2000 | 0 | 0.818 | 0.271 | 0.373 | 0.000811 | 1 | 0.00749 | 0.00473 | 0.0015 | 11 | 7.39e-07 | 0.000222 | 4.2e-05 |  | 0 | 0 | 2.38e-07 | 50 | 0.154 |  |
| conditioned | kappa=10000 | 50 | lstsq | float16 | 2000 | 0 | 0.813 | 0.27 | 0.363 | 0.000809 | 0.994 | 0.00853 | 0.00441 | 1 | 0 | 0.00613 | 1.18 | 0.691 |  | 2.82 | 0 | 0.00195 | 50 | 0.171 |  |
| conditioned | kappa=10000 | 50 | gs | float64 | 2000 | 0 | 0.818 | 0.271 | 0.373 | 0.000812 | 1 | 0.00762 | 0.00472 | 0 |  | 7.74e-10 | 2.57e-09 | 9.64e-10 | 4.16e-09 | 0 | 0 | 4.44e-16 | 50 | 0.0134 |  |
| conditioned | kappa=10000 | 50 | gs | float32 | 2000 | 0 | 0.788 | 0.266 | 0.36 | 0.000805 | 0.963 | 0.00514 | 0.00439 | 1 | 0 | 0.391 | 1.42 | 0.306 | 2.44 | 0.0005 | 0 | 2.38e-07 | 50 | 0.0132 |  |
| conditioned | kappa=10000 | 50 | gs | float16 | 2000 | 1 |  |  |  |  |  |  |  |  |  |  |  |  |  | 0 | 0 | 0 | 0 | 0.000989 | breakdown:cholesky:2000 |
| conditioned | kappa=1e+06 | 50 | lstsq | float64 | 2000 | 0 | 0.849 | 0.22 | 0.387 | 9.5e-06 | 1 | 0.0183 | 0.0122 | 0 |  | 1.22e-14 | 6.21e-11 | 9.94e-12 |  | 0 | 0 | 4.44e-16 | 50 | 0.155 |  |
| conditioned | kappa=1e+06 | 50 | lstsq | float32 | 2000 | 0 | 0.849 | 0.217 | 0.387 | 9.5e-06 | 1 | 0.0131 | 0.0122 | 0.135 | 2 | 1.17e-06 | 0.0276 | 0.00874 |  | 0.003 | 0 | 2.38e-07 | 50 | 0.153 |  |
| conditioned | kappa=1e+06 | 50 | lstsq | float16 | 2000 | 0 | 0.858 | 0.221 | 0.395 | 5.68e-06 | 1.01 | 0.00929 | 0.0125 | 1 | 0 | 0.0097 | 5.94 | 0.881 |  | 2.82 | 0 | 0.00146 | 50 | 0.179 |  |
| conditioned | kappa=1e+06 | 50 | gs | float64 | 2000 | 0 | 0.849 | 0.22 | 0.387 | 9.5e-06 | 1 | 0.0183 | 0.0122 | 0 |  | 4.9e-06 | 2.09e-05 | 6.69e-06 | 4.12e-05 | 0 | 0 | 3.33e-16 | 50 | 0.0132 |  |
| conditioned | kappa=1e+06 | 50 | gs | float32 | 2000 | 1 |  |  |  |  |  |  |  |  |  |  |  |  |  | 0 | 0 | 0 | 0 | 0.000398 | breakdown:cholesky:2000 |
| conditioned | kappa=1e+06 | 50 | gs | float16 | 2000 | 1 |  |  |  |  |  |  |  |  |  |  |  |  |  | 0 | 0 | 0 | 0 | 0.000882 | breakdown:cholesky:2000 |
| conditioned | kappa=1e+08 | 50 | lstsq | float64 | 2000 | 0 | 0.808 | 0.138 | 0.358 | 9.45e-08 | 1 | 0.0163 | 0.0113 | 0 |  | 1.25e-14 | 2.63e-09 | 1.95e-10 |  | 0 | 0 | 4.44e-16 | 50 | 0.155 |  |
| conditioned | kappa=1e+08 | 50 | lstsq | float32 | 2000 | 0 | 0.781 | 0.142 | 0.343 | 9.09e-08 | 0.967 | 0.0146 | 0.0108 | 0.966 | 1 | 8.42e-07 | 0.827 | 0.125 |  | 0 | 0 | 2.38e-07 | 50 | 0.154 |  |
| conditioned | kappa=1e+08 | 50 | lstsq | float16 | 2000 | 0 | 0.826 | 0.146 | 0.373 | 5.12e-08 | 1.02 | 0.0147 | 0.0118 | 1 | 0 | 0.00651 | 11.1 | 0.79 |  | 2.86 | 0 | 0.00195 | 50 | 0.191 |  |
| conditioned | kappa=1e+08 | 50 | gs | float64 | 2000 | 0 | 0.821 | 0.145 | 0.364 | 9.43e-08 | 1.02 | 0.00296 | 0.00186 | 0.987 | 5 | 0.0222 | 0.514 | 0.0386 | 0.411 | 0 | 0 | 4.44e-16 | 50 | 0.0131 |  |
| conditioned | kappa=1e+08 | 50 | gs | float32 | 2000 | 1 |  |  |  |  |  |  |  |  |  |  |  |  |  | 0 | 0 | 0 | 0 | 0.000352 | breakdown:cholesky:2000 |
| conditioned | kappa=1e+08 | 50 | gs | float16 | 2000 | 1 |  |  |  |  |  |  |  |  |  |  |  |  |  | 0 | 0 | 0 | 0 | 0.00062 | breakdown:cholesky:2000 |
| collinear | eta=0.001 | 50 | lstsq | float64 | 2000 | 0 | 0.399 | 0.22 | 0.151 | 5.61e-05 | 1 | 0.00143 | 0.000807 | 0 |  | 3.02e-12 | 3.6e-09 | 3.01e-12 |  | 0 | 0 | 3.33e-16 | 50 | 0.154 |  |
| collinear | eta=0.001 | 50 | lstsq | float32 | 2000 | 0 | 0.399 | 0.218 | 0.15 | 5.61e-05 | 0.999 | 0.00161 | 0.000786 | 0.178 | 17 | 0.000948 | 1.3 | 0.000942 |  | 0.137 | 0 | 2.38e-07 | 50 | 0.153 |  |
| collinear | eta=0.001 | 50 | lstsq | float16 | 2000 | 0 | 0.0013 | 0.00102 | 0.000598 | 2.87e-05 | 0.00325 | 3.27e-05 | 1.49e-05 | 1 | 0 | 0.425 | 243 | 0.796 |  | 21.6 | 0 | 0.00146 | 25 | 0.0902 |  |
| collinear | eta=0.001 | 50 | gs | float64 | 2000 | 0 | 0.399 | 0.22 | 0.151 | 5.61e-05 | 1 | 0.00143 | 0.000807 | 0.0005 | 5 | 1.74e-07 | 0.00019 | 1.55e-05 | 0.00036 | 0 | 0 | 4.44e-16 | 50 | 0.0133 |  |
| collinear | eta=0.001 | 50 | gs | float32 | 2000 | 1 |  |  |  |  |  |  |  |  |  |  |  |  |  | 0 | 0 | 0 | 0 | 0.000395 | breakdown:cholesky:2000 |
| collinear | eta=0.001 | 50 | gs | float16 | 2000 | 1 |  |  |  |  |  |  |  |  |  |  |  |  |  | 0 | 0 | 0 | 0 | 0.000145 | breakdown:cholesky:2000 |
| collinear | eta=0.1 | 50 | lstsq | float64 | 2000 | 0 | 0.882 | 0.492 | 0.359 | 0.00899 | 1 | 0.0173 | 0.00607 | 0 |  | 2.39e-14 | 6.04e-13 | 2.32e-14 |  | 0 | 0 | 4.44e-16 | 50 | 0.154 |  |
| collinear | eta=0.1 | 50 | lstsq | float32 | 2000 | 0 | 0.882 | 0.492 | 0.359 | 0.00899 | 1 | 0.0175 | 0.00606 | 0.0005 | 34 | 8.29e-06 | 0.00034 | 1.97e-05 |  | 0.0005 | 0 | 2.38e-07 | 50 | 0.154 |  |
| collinear | eta=0.1 | 50 | lstsq | float16 | 2000 | 0 | 0.985 | 0.488 | 0.379 | 0.00886 | 1.12 | 0.0134 | 0.00497 | 1 | 1 | 0.0518 | 0.755 | 0.0383 |  | 8.28 | 0.001 | 0.00195 | 49 | 0.144 |  |
| collinear | eta=0.1 | 50 | gs | float64 | 2000 | 0 | 0.882 | 0.492 | 0.359 | 0.00899 | 1 | 0.0173 | 0.00607 | 0 |  | 3.38e-12 | 5.84e-11 | 2.32e-11 | 8.48e-11 | 0 | 0 | 4.44e-16 | 50 | 0.0135 |  |
| collinear | eta=0.1 | 50 | gs | float32 | 2000 | 0 | 0.88 | 0.489 | 0.358 | 0.00899 | 0.998 | 0.0204 | 0.00617 | 0.432 | 12 | 0.00213 | 0.0313 | 0.00903 | 0.05 | 0.002 | 0 | 2.38e-07 | 50 | 0.0132 |  |
| collinear | eta=0.1 | 50 | gs | float16 | 2000 | 1 |  |  |  |  |  |  |  |  |  |  |  |  |  | 0 | 0 | 0 | 0 | 0.00105 | breakdown:cholesky:2000 |
| collinear | eta=1e-05 | 50 | lstsq | float64 | 2000 | 0 | 1.67e-05 | 8.54e-06 | 8.24e-06 | 1.1e-07 | 1 | 3.51e-07 | 1.8e-07 | 0 |  | 2.92e-10 | 1.28e-05 | 2.83e-10 |  | 0 | 0 | 3.33e-16 | 50 | 0.155 |  |
| collinear | eta=1e-05 | 50 | lstsq | float32 | 2000 | 0 | 1.66e-05 | 8.74e-06 | 8.24e-06 | 1.09e-07 | 0.995 | 2.66e-07 | 1.79e-07 | 1 | 0 | 0.0399 | 4.21e+03 | 0.248 |  | 8.63 | 0.004 | 2.38e-07 | 48 | 0.124 |  |
| collinear | eta=1e-05 | 50 | lstsq | float16 | 2000 | 0.995 | 1.38e-05 | 9.18e-06 | 7.1e-06 | 5.39e-08 | 0.724 | 4.87e-06 | 2.22e-06 | 1 | 0 | 0.0061 | 50.1 | 0.135 |  | 0.566 | 0 | 0.00146 | 25 | 0.0194 | nonfinite_u:1989 |
| collinear | eta=1e-05 | 50 | gs | float64 | 2000 | 0 | 1.63e-05 | 9.4e-06 | 7.95e-06 | 8.68e-08 | 0.979 | 1.67e-07 | 1.3e-07 | 1 | 0 | 0.00401 | 160 | 0.99 | 836 | 0 | 0 | 4.44e-16 | 50 | 0.0132 |  |
| collinear | eta=1e-05 | 50 | gs | float32 | 2000 | 1 |  |  |  |  |  |  |  |  |  |  |  |  |  | 0 | 0 | 0 | 0 | 8.17e-05 | breakdown:cholesky:2000 |
| collinear | eta=1e-05 | 50 | gs | float16 | 2000 | 1 |  |  |  |  |  |  |  |  |  |  |  |  |  | 0 | 0 | 0 | 0 | 0.000128 | breakdown:cholesky:2000 |
| collinear | eta=1e-07 | 50 | lstsq | float64 | 2000 | 0 | 1.29e-07 | 9.1e-08 | 6.29e-08 | 8.64e-09 | 1 | 1.88e-09 | 1.99e-09 | 0 |  | 2.61e-08 | 0.39 | 8.41e-08 |  | 0 | 0 | 4.44e-16 | 50 | 0.154 |  |
| collinear | eta=1e-07 | 50 | lstsq | float32 | 2000 | 0 | 1.3e-07 | 1.03e-07 | 5.85e-08 | 5e-09 | 1.01 | 3.55e-09 | 1.69e-09 | 1 | 0 | 1.4e-06 | 7.49 | 0.888 |  | 20.8 | 0 | 1.19e-07 | 25 | 0.0787 |  |
| collinear | eta=1e-07 | 50 | lstsq | float16 | 2000 | 1 |  |  |  |  |  |  |  |  |  | 0.00202 | 16 | 0 |  | 0 | 0 | 0 | 1 | 0.00826 | nonfinite_u:2000 |
| collinear | eta=1e-07 | 50 | gs | float64 | 2000 | 1 |  |  |  |  |  |  |  |  |  |  |  |  |  | 0 | 0 | 0 | 0 | 0.000573 | breakdown:cholesky:2000 |
| collinear | eta=1e-07 | 50 | gs | float32 | 2000 | 1 |  |  |  |  |  |  |  |  |  |  |  |  |  | 0 | 0 | 0 | 0 | 0.000108 | breakdown:cholesky:2000 |
| collinear | eta=1e-07 | 50 | gs | float16 | 2000 | 1 |  |  |  |  |  |  |  |  |  |  |  |  |  | 0 | 0 | 0 | 0 | 0.000137 | breakdown:cholesky:2000 |
| harshaw | corr=0,d=5,phi=0.01 | 50 | lstsq | float64 | 2000 | 0 | 0.668 | 0.225 | 0.281 | 0.169 | 1 | 0.00669 | 0.00889 | 0 |  | 9.71e-15 | 2.44e-14 | 4.33e-15 |  | 0 | 0 | 4.44e-16 | 50 | 0.157 |  |
| harshaw | corr=0,d=5,phi=0.01 | 50 | lstsq | float32 | 2000 | 0 | 0.668 | 0.225 | 0.281 | 0.169 | 1 | 0.00669 | 0.00889 | 0 |  | 2.64e-07 | 1.16e-06 | 3.08e-07 |  | 0 | 0 | 2.38e-07 | 50 | 0.156 |  |
| harshaw | corr=0,d=5,phi=0.01 | 50 | lstsq | float16 | 2000 | 0 | 0.67 | 0.223 | 0.282 | 0.168 | 1 | 0.0138 | 0.0089 | 0.491 | 34 | 0.00163 | 0.00855 | 0.00593 |  | 0.519 | 0 | 0.00195 | 50 | 0.187 |  |
| harshaw | corr=0,d=5,phi=0.01 | 50 | chol | float64 | 2000 | 0 | 0.668 | 0.225 | 0.281 | 0.169 | 1 | 0.00669 | 0.00889 | 0 |  | 1.67e-13 | 4.05e-13 | 9.38e-14 | 2.61e-13 | 0 | 0 | 4.44e-16 | 50 | 0.015 |  |
| harshaw | corr=0,d=5,phi=0.01 | 50 | chol | float32 | 2000 | 0 | 0.668 | 0.225 | 0.281 | 0.169 | 1 | 0.00703 | 0.00888 | 0.002 | 41 | 5.92e-05 | 0.000262 | 2.41e-05 | 0.000143 | 0 | 0 | 2.38e-07 | 50 | 0.0153 |  |
| harshaw | corr=0,d=5,phi=0.01 | 50 | chol | float16 | 2000 | 0.732 | 0.711 | 0.24 | 0.321 | 0.163 | 1 | 0.0198 | 0.0196 | 1 | 28 | 0.929 | 3.45 | 0.601 | 0.529 | 0.494 | 0 | 0.00195 | 50 | 0.0151 | breakdown:downdate:1464 |
| harshaw | corr=0,d=5,phi=0.01 | 50 | chol_rk10 | float64 | 2000 | 0 | 0.668 | 0.225 | 0.281 | 0.169 | 1 | 0.00669 | 0.00889 | 0 |  | 4.52e-14 | 5.17e-14 | 1.93e-14 | 3.39e-15 | 0 | 0 | 4.44e-16 | 50 | 0.0157 |  |
| harshaw | corr=0,d=5,phi=0.01 | 50 | chol_rk10 | float32 | 2000 | 0 | 0.668 | 0.225 | 0.281 | 0.169 | 1 | 0.00703 | 0.00888 | 0.002 | 41 | 3.5e-05 | 2.17e-05 | 9.8e-06 | 1e-06 | 0 | 0 | 2.38e-07 | 50 | 0.0161 |  |
| harshaw | corr=0,d=5,phi=0.01 | 50 | chol_rk10 | float16 | 2000 | 0 | 0.727 | 0.232 | 0.321 | 0.169 | 1.09 | 0.0137 | 0.0101 | 1 | 29 | 0.293 | 0.376 | 0.123 | 0.0696 | 0.521 | 0 | 0.00195 | 50 | 0.0164 |  |
| harshaw | corr=0,d=5,phi=0.01 | 50 | gs | float64 | 2000 | 0 | 0.668 | 0.225 | 0.281 | 0.169 | 1 | 0.00669 | 0.00889 | 0 |  | 1.75e-14 | 4.23e-14 | 1.05e-14 | 5.38e-14 | 0 | 0 | 4.44e-16 | 50 | 0.0136 |  |
| harshaw | corr=0,d=5,phi=0.01 | 50 | gs | float32 | 2000 | 0 | 0.668 | 0.225 | 0.281 | 0.169 | 1 | 0.00669 | 0.00889 | 0 |  | 9.06e-06 | 1.38e-05 | 5.12e-06 | 2.92e-05 | 0 | 0 | 1.79e-07 | 50 | 0.0132 |  |
| harshaw | corr=0,d=5,phi=0.01 | 50 | gs | float16 | 2000 | 0 | 0.633 | 0.219 | 0.283 | 0.168 | 0.947 | 0.00958 | 0.00893 | 0.984 | 29 | 0.085 | 0.178 | 0.0312 | 0.225 | 0.542 | 0.003 | 0.00195 | 50 | 0.0198 |  |
| harshaw | corr=0,d=5,phi=0.1 | 50 | lstsq | float64 | 2000 | 0 | 0.801 | 0.51 | 0.344 | 0.515 | 1 | 0.0167 | 0.0071 | 0 |  | 4.79e-15 | 5.32e-15 | 1.67e-15 |  | 0 | 0 | 2.22e-16 | 50 | 0.157 |  |
| harshaw | corr=0,d=5,phi=0.1 | 50 | lstsq | float32 | 2000 | 0 | 0.801 | 0.51 | 0.344 | 0.515 | 1 | 0.0167 | 0.0071 | 0 |  | 1.85e-07 | 3.13e-07 | 3.1e-07 |  | 0 | 0 | 1.19e-07 | 50 | 0.156 |  |
| harshaw | corr=0,d=5,phi=0.1 | 50 | lstsq | float16 | 2000 | 0 | 0.76 | 0.509 | 0.341 | 0.514 | 0.948 | 0.0174 | 0.00717 | 0.32 | 36 | 0.00158 | 0.00274 | 0.00112 |  | 0.312 | 0 | 0.000977 | 50 | 0.185 |  |
| harshaw | corr=0,d=5,phi=0.1 | 50 | chol | float64 | 2000 | 0 | 0.801 | 0.51 | 0.344 | 0.515 | 1 | 0.0167 | 0.0071 | 0 |  | 1.41e-14 | 2.7e-14 | 1.53e-14 | 2.38e-14 | 0 | 0 | 2.22e-16 | 50 | 0.0151 |  |
| harshaw | corr=0,d=5,phi=0.1 | 50 | chol | float32 | 2000 | 0 | 0.801 | 0.51 | 0.344 | 0.515 | 1 | 0.0167 | 0.0071 | 0 |  | 1.11e-05 | 1.45e-05 | 4.88e-06 | 2.1e-05 | 0 | 0 | 1.19e-07 | 50 | 0.0153 |  |
| harshaw | corr=0,d=5,phi=0.1 | 50 | chol | float16 | 2000 | 0 | 0.791 | 0.514 | 0.342 | 0.5 | 0.987 | 0.0197 | 0.00707 | 0.65 | 38 | 0.0583 | 0.0761 | 0.028 | 0.161 | 0.316 | 0 | 0.000977 | 50 | 0.0156 |  |
| harshaw | corr=0,d=5,phi=0.1 | 50 | chol_rk10 | float64 | 2000 | 0 | 0.801 | 0.51 | 0.344 | 0.515 | 1 | 0.0167 | 0.0071 | 0 |  | 7.99e-15 | 5.38e-15 | 1.72e-15 | 1.73e-15 | 0 | 0 | 2.22e-16 | 50 | 0.0158 |  |
| harshaw | corr=0,d=5,phi=0.1 | 50 | chol_rk10 | float32 | 2000 | 0 | 0.801 | 0.51 | 0.344 | 0.515 | 1 | 0.0167 | 0.0071 | 0 |  | 3.57e-06 | 1.96e-06 | 1.12e-06 | 1.07e-06 | 0 | 0 | 1.19e-07 | 50 | 0.0164 |  |
| harshaw | corr=0,d=5,phi=0.1 | 50 | chol_rk10 | float16 | 2000 | 0 | 0.773 | 0.505 | 0.345 | 0.512 | 0.965 | 0.0146 | 0.0071 | 0.562 | 37 | 0.0283 | 0.0102 | 0.00525 | 0.00656 | 0.317 | 0 | 0.000977 | 50 | 0.0163 |  |
| harshaw | corr=0,d=5,phi=0.1 | 50 | gs | float64 | 2000 | 0 | 0.801 | 0.51 | 0.344 | 0.515 | 1 | 0.0167 | 0.0071 | 0 |  | 4.67e-15 | 5.3e-15 | 1.78e-15 | 3.94e-15 | 0 | 0 | 2.22e-16 | 50 | 0.0136 |  |
| harshaw | corr=0,d=5,phi=0.1 | 50 | gs | float32 | 2000 | 0 | 0.801 | 0.51 | 0.344 | 0.515 | 1 | 0.0167 | 0.0071 | 0 |  | 1.28e-06 | 1.43e-06 | 6.65e-07 | 2.04e-06 | 0 | 0 | 1.19e-07 | 50 | 0.0131 |  |
| harshaw | corr=0,d=5,phi=0.1 | 50 | gs | float16 | 2000 | 0 | 0.753 | 0.508 | 0.332 | 0.516 | 0.94 | 0.017 | 0.0071 | 0.421 | 35 | 0.0124 | 0.00893 | 0.00968 | 0.0151 | 0.315 | 0.002 | 0.000977 | 50 | 0.0189 |  |
| harshaw | corr=0,d=5,phi=0.5 | 50 | lstsq | float64 | 2000 | 0 | 1.22 | 1.12 | 0.536 | 1.19 | 1 | 0.0371 | 0.0154 | 0 |  | 4.72e-15 | 1.64e-15 | 1.67e-16 |  | 0 | 0 | 1.11e-16 | 50 | 0.157 |  |
| harshaw | corr=0,d=5,phi=0.5 | 50 | lstsq | float32 | 2000 | 0 | 1.22 | 1.12 | 0.536 | 1.19 | 1 | 0.0371 | 0.0154 | 0 |  | 2.43e-07 | 1.51e-07 | 5.3e-08 |  | 0 | 0 | 5.96e-08 | 50 | 0.156 |  |
| harshaw | corr=0,d=5,phi=0.5 | 50 | lstsq | float16 | 2000 | 0 | 1.22 | 1.12 | 0.534 | 1.19 | 0.999 | 0.0384 | 0.0155 | 0.022 | 39 | 0.00226 | 0.00145 | 0.000449 |  | 0.017 | 0 | 0.000488 | 50 | 0.186 |  |
| harshaw | corr=0,d=5,phi=0.5 | 50 | chol | float64 | 2000 | 0 | 1.22 | 1.12 | 0.536 | 1.19 | 1 | 0.0371 | 0.0154 | 0 |  | 4.78e-15 | 1.57e-15 | 4.44e-16 | 3.99e-15 | 0 | 0 | 1.11e-16 | 50 | 0.0146 |  |
| harshaw | corr=0,d=5,phi=0.5 | 50 | chol | float32 | 2000 | 0 | 1.22 | 1.12 | 0.536 | 1.19 | 1 | 0.0371 | 0.0154 | 0 |  | 6.58e-07 | 7.37e-07 | 9.94e-07 | 2.41e-06 | 0 | 0 | 5.96e-08 | 50 | 0.0154 |  |
| harshaw | corr=0,d=5,phi=0.5 | 50 | chol | float16 | 2000 | 0 | 1.22 | 1.12 | 0.533 | 1.19 | 0.997 | 0.038 | 0.0155 | 0.039 | 39 | 0.00586 | 0.00433 | 0.00229 | 0.024 | 0.018 | 0 | 0.000488 | 50 | 0.016 |  |
| harshaw | corr=0,d=5,phi=0.5 | 50 | chol_rk10 | float64 | 2000 | 0 | 1.22 | 1.12 | 0.536 | 1.19 | 1 | 0.0371 | 0.0154 | 0 |  | 4.76e-15 | 1.54e-15 | 2.78e-16 | 1.07e-15 | 0 | 0 | 1.11e-16 | 50 | 0.0158 |  |
| harshaw | corr=0,d=5,phi=0.5 | 50 | chol_rk10 | float32 | 2000 | 0 | 1.22 | 1.12 | 0.536 | 1.19 | 1 | 0.0371 | 0.0154 | 0 |  | 4.3e-07 | 1.48e-07 | 9.84e-08 | 5.82e-07 | 0 | 0 | 5.96e-08 | 50 | 0.0161 |  |
| harshaw | corr=0,d=5,phi=0.5 | 50 | chol_rk10 | float16 | 2000 | 0 | 1.22 | 1.12 | 0.534 | 1.19 | 0.999 | 0.038 | 0.0155 | 0.022 | 39 | 0.0021 | 0.000835 | 0.000452 | 0.00475 | 0.019 | 0 | 0.000488 | 50 | 0.0168 |  |
| harshaw | corr=0,d=5,phi=0.5 | 50 | gs | float64 | 2000 | 0 | 1.22 | 1.12 | 0.536 | 1.19 | 1 | 0.0371 | 0.0154 | 0 |  | 4.75e-15 | 1.6e-15 | 8.33e-17 | 1.11e-15 | 0 | 0 | 1.11e-16 | 50 | 0.0137 |  |
| harshaw | corr=0,d=5,phi=0.5 | 50 | gs | float32 | 2000 | 0 | 1.22 | 1.12 | 0.536 | 1.19 | 1 | 0.0371 | 0.0154 | 0 |  | 1.5e-07 | 1.34e-07 | 6.81e-08 | 3.68e-07 | 0 | 0 | 5.96e-08 | 50 | 0.0133 |  |
| harshaw | corr=0,d=5,phi=0.5 | 50 | gs | float16 | 2000 | 0 | 1.22 | 1.12 | 0.533 | 1.19 | 0.998 | 0.0376 | 0.0155 | 0.025 | 39 | 0.00135 | 0.00141 | 0.000542 | 0.00378 | 0.022 | 0 | 0.000488 | 50 | 0.0204 |  |
| harshaw | corr=0,d=50,phi=0.01 | 50 | lstsq | float64 | 2000 | 0 | 0.93 | 0.539 | 0.419 | 0.339 | 1 | 0.0265 | 0.0132 | 0 |  | 6.98e-15 | 4.2e-15 | 5.44e-15 |  | 0 | 0 | 2.22e-16 | 50 | 0.177 |  |
| harshaw | corr=0,d=50,phi=0.01 | 50 | lstsq | float32 | 2000 | 0 | 0.931 | 0.539 | 0.419 | 0.339 | 1 | 0.0256 | 0.0132 | 0.0005 | 15 | 4.63e-07 | 6.19e-07 | 1.46e-06 |  | 0 | 0 | 1.19e-07 | 50 | 0.174 |  |
| harshaw | corr=0,d=50,phi=0.01 | 50 | lstsq | float16 | 2000 | 0 | 0.946 | 0.527 | 0.427 | 0.339 | 1.02 | 0.0215 | 0.00854 | 0.917 | 9 | 0.00373 | 0.00472 | 0.00993 |  | 2.07 | 0 | 0.000977 | 50 | 0.228 |  |
| harshaw | corr=0,d=50,phi=0.01 | 50 | chol | float64 | 2000 | 0 | 0.93 | 0.539 | 0.419 | 0.339 | 1 | 0.0265 | 0.0132 | 0 |  | 6.97e-14 | 5.44e-14 | 2.44e-13 | 8.26e-14 | 0 | 0 | 2.22e-16 | 50 | 0.0854 |  |
| harshaw | corr=0,d=50,phi=0.01 | 50 | chol | float32 | 2000 | 0 | 0.93 | 0.539 | 0.419 | 0.339 | 1 | 0.026 | 0.0132 | 0.0025 | 24 | 3.76e-05 | 3.86e-05 | 0.000175 | 4.61e-05 | 0 | 0 | 1.19e-07 | 50 | 0.0871 |  |
| harshaw | corr=0,d=50,phi=0.01 | 50 | chol | float16 | 2000 | 0.004 | 1.16 | 0.542 | 0.519 | 0.342 | 1.24 | 0.0137 | 0.0081 | 1 | 4 | 0.306 | 0.366 | 0.676 | 0.453 | 2.07 | 0 | 0.00146 | 50 | 0.107 | breakdown:downdate:8 |
| harshaw | corr=0,d=50,phi=0.01 | 50 | chol_rk10 | float64 | 2000 | 0 | 0.93 | 0.539 | 0.419 | 0.339 | 1 | 0.0265 | 0.0132 | 0 |  | 4.4e-14 | 3.79e-14 | 1.58e-13 | 1.76e-15 | 0 | 0 | 2.22e-16 | 50 | 0.0934 |  |
| harshaw | corr=0,d=50,phi=0.01 | 50 | chol_rk10 | float32 | 2000 | 0 | 0.93 | 0.539 | 0.419 | 0.339 | 1 | 0.0265 | 0.0132 | 0.0005 | 7 | 2.54e-05 | 1.87e-05 | 4.78e-05 | 8.28e-07 | 0 | 0 | 1.19e-07 | 50 | 0.0951 |  |
| harshaw | corr=0,d=50,phi=0.01 | 50 | chol_rk10 | float16 | 2000 | 0 | 1.03 | 0.539 | 0.451 | 0.338 | 1.11 | 0.0181 | 0.00775 | 1 | 4 | 0.204 | 0.148 | 0.293 | 0.0541 | 2.02 | 0 | 0.000977 | 50 | 0.121 |  |
| harshaw | corr=0,d=50,phi=0.01 | 50 | gs | float64 | 2000 | 0 | 0.93 | 0.539 | 0.419 | 0.339 | 1 | 0.0265 | 0.0132 | 0 |  | 7.11e-15 | 8.83e-15 | 4.94e-15 | 8.76e-15 | 0 | 0 | 2.22e-16 | 50 | 0.0134 |  |
| harshaw | corr=0,d=50,phi=0.01 | 50 | gs | float32 | 2000 | 0 | 0.93 | 0.539 | 0.419 | 0.339 | 1 | 0.026 | 0.0132 | 0.0005 | 15 | 1.76e-06 | 2.53e-06 | 6.38e-06 | 4.58e-06 | 0 | 0 | 1.19e-07 | 50 | 0.0131 |  |
| harshaw | corr=0,d=50,phi=0.01 | 50 | gs | float16 | 2000 | 0 | 0.941 | 0.534 | 0.428 | 0.341 | 1.01 | 0.0221 | 0.00858 | 0.951 | 8 | 0.0153 | 0.0208 | 0.00579 | 0.0368 | 2.04 | 0.015 | 0.000977 | 50 | 0.0186 |  |
| harshaw | corr=0,d=50,phi=0.1 | 50 | lstsq | float64 | 2000 | 0 | 1.09 | 0.676 | 0.489 | 0.768 | 1 | 0.0252 | 0.00978 | 0 |  | 3.08e-15 | 1.92e-15 | 1.33e-15 |  | 0 | 0 | 1.11e-16 | 50 | 0.177 |  |
| harshaw | corr=0,d=50,phi=0.1 | 50 | lstsq | float32 | 2000 | 0 | 1.09 | 0.676 | 0.489 | 0.768 | 1 | 0.0252 | 0.00978 | 0 |  | 2.63e-07 | 2.64e-07 | 2.36e-07 |  | 0 | 0 | 5.96e-08 | 50 | 0.174 |  |
| harshaw | corr=0,d=50,phi=0.1 | 50 | lstsq | float16 | 2000 | 0 | 1.08 | 0.681 | 0.471 | 0.774 | 0.99 | 0.0366 | 0.0104 | 0.714 | 17 | 0.00212 | 0.00209 | 0.00189 |  | 1.09 | 0 | 0.000488 | 50 | 0.234 |  |
| harshaw | corr=0,d=50,phi=0.1 | 50 | chol | float64 | 2000 | 0 | 1.09 | 0.676 | 0.489 | 0.768 | 1 | 0.0252 | 0.00978 | 0 |  | 7.04e-15 | 5.16e-15 | 1.67e-14 | 8.9e-15 | 0 | 0 | 1.11e-16 | 50 | 0.0856 |  |
| harshaw | corr=0,d=50,phi=0.1 | 50 | chol | float32 | 2000 | 0 | 1.09 | 0.676 | 0.49 | 0.768 | 1 | 0.0255 | 0.00978 | 0.0005 | 36 | 3.44e-06 | 2.15e-06 | 5.39e-06 | 4.67e-06 | 0 | 0 | 5.96e-08 | 50 | 0.0871 |  |
| harshaw | corr=0,d=50,phi=0.1 | 50 | chol | float16 | 2000 | 0 | 1.12 | 0.679 | 0.494 | 0.784 | 1.03 | 0.0216 | 0.00867 | 0.908 | 16 | 0.033 | 0.0232 | 0.0702 | 0.0507 | 1.09 | 0 | 0.000488 | 50 | 0.0998 |  |
| harshaw | corr=0,d=50,phi=0.1 | 50 | chol_rk10 | float64 | 2000 | 0 | 1.09 | 0.676 | 0.489 | 0.768 | 1 | 0.0252 | 0.00978 | 0 |  | 5.22e-15 | 2.7e-15 | 2.28e-15 | 1.24e-15 | 0 | 0 | 1.11e-16 | 50 | 0.0936 |  |
| harshaw | corr=0,d=50,phi=0.1 | 50 | chol_rk10 | float32 | 2000 | 0 | 1.09 | 0.676 | 0.49 | 0.768 | 1 | 0.0255 | 0.00978 | 0.0005 | 36 | 2.23e-06 | 1.16e-06 | 1.33e-06 | 7.47e-07 | 0 | 0 | 5.96e-08 | 50 | 0.0948 |  |
| harshaw | corr=0,d=50,phi=0.1 | 50 | chol_rk10 | float16 | 2000 | 0 | 1.04 | 0.672 | 0.482 | 0.767 | 0.958 | 0.0172 | 0.00808 | 0.883 | 16 | 0.021 | 0.0126 | 0.0205 | 0.0079 | 1.07 | 0 | 0.000488 | 50 | 0.115 |  |
| harshaw | corr=0,d=50,phi=0.1 | 50 | gs | float64 | 2000 | 0 | 1.09 | 0.676 | 0.489 | 0.768 | 1 | 0.0252 | 0.00978 | 0 |  | 3.12e-15 | 2e-15 | 1.44e-15 | 1.58e-15 | 0 | 0 | 1.11e-16 | 50 | 0.0133 |  |
| harshaw | corr=0,d=50,phi=0.1 | 50 | gs | float32 | 2000 | 0 | 1.09 | 0.676 | 0.489 | 0.768 | 1 | 0.0252 | 0.00978 | 0 |  | 4.07e-07 | 3.38e-07 | 2.59e-07 | 7.78e-07 | 0 | 0 | 5.96e-08 | 50 | 0.0135 |  |
| harshaw | corr=0,d=50,phi=0.1 | 50 | gs | float16 | 2000 | 0 | 1.1 | 0.68 | 0.492 | 0.771 | 1.01 | 0.0227 | 0.00969 | 0.732 | 17 | 0.0037 | 0.00296 | 0.317 | 0.00674 | 1.11 | 0.015 | 0.000488 | 50 | 0.0186 |  |
| harshaw | corr=0,d=50,phi=0.5 | 50 | lstsq | float64 | 2000 | 0 | 1.35 | 0.97 | 0.602 | 1.32 | 1 | 0.0272 | 0.0148 | 0 |  | 1.72e-15 | 5.69e-16 | 1.67e-16 |  | 0 | 0 | 1.11e-16 | 50 | 0.178 |  |
| harshaw | corr=0,d=50,phi=0.5 | 50 | lstsq | float32 | 2000 | 0 | 1.35 | 0.97 | 0.602 | 1.32 | 1 | 0.0272 | 0.0148 | 0 |  | 2.24e-07 | 1.74e-07 | 2.98e-08 |  | 0 | 0 | 5.96e-08 | 50 | 0.175 |  |
| harshaw | corr=0,d=50,phi=0.5 | 50 | lstsq | float16 | 2000 | 0 | 1.35 | 0.968 | 0.602 | 1.32 | 1 | 0.0279 | 0.0148 | 0.015 | 40 | 0.0017 | 0.00141 | 0.000244 |  | 0.0125 | 0 | 0.000488 | 50 | 0.245 |  |
| harshaw | corr=0,d=50,phi=0.5 | 50 | chol | float64 | 2000 | 0 | 1.35 | 0.97 | 0.602 | 1.32 | 1 | 0.0272 | 0.0148 | 0 |  | 1.64e-15 | 6.25e-16 | 1.67e-16 | 2e-15 | 0 | 0 | 1.11e-16 | 50 | 0.0858 |  |
| harshaw | corr=0,d=50,phi=0.5 | 50 | chol | float32 | 2000 | 0 | 1.35 | 0.97 | 0.602 | 1.32 | 1 | 0.0272 | 0.0148 | 0 |  | 3.66e-07 | 2.14e-07 | 1.37e-07 | 1.07e-06 | 0 | 0 | 5.96e-08 | 50 | 0.0872 |  |
| harshaw | corr=0,d=50,phi=0.5 | 50 | chol | float16 | 2000 | 0 | 1.35 | 0.972 | 0.602 | 1.32 | 1 | 0.0267 | 0.0148 | 0.0225 | 37 | 0.00295 | 0.00203 | 0.00173 | 0.0213 | 0.016 | 0 | 0.000488 | 50 | 0.103 |  |
| harshaw | corr=0,d=50,phi=0.5 | 50 | chol_rk10 | float64 | 2000 | 0 | 1.35 | 0.97 | 0.602 | 1.32 | 1 | 0.0272 | 0.0148 | 0 |  | 1.64e-15 | 5.55e-16 | 2.22e-16 | 1e-15 | 0 | 0 | 1.11e-16 | 50 | 0.0937 |  |
| harshaw | corr=0,d=50,phi=0.5 | 50 | chol_rk10 | float32 | 2000 | 0 | 1.35 | 0.97 | 0.602 | 1.32 | 1 | 0.0272 | 0.0148 | 0 |  | 3.02e-07 | 1.41e-07 | 3.45e-08 | 4.89e-07 | 0 | 0 | 5.96e-08 | 50 | 0.0944 |  |
| harshaw | corr=0,d=50,phi=0.5 | 50 | chol_rk10 | float16 | 2000 | 0 | 1.35 | 0.97 | 0.602 | 1.32 | 0.999 | 0.0281 | 0.0148 | 0.0155 | 36 | 0.00248 | 0.00107 | 0.000394 | 0.0052 | 0.012 | 0 | 0.000488 | 50 | 0.12 |  |
| harshaw | corr=0,d=50,phi=0.5 | 50 | gs | float64 | 2000 | 0 | 1.35 | 0.97 | 0.602 | 1.32 | 1 | 0.0272 | 0.0148 | 0 |  | 1.73e-15 | 5.69e-16 | 3.33e-16 | 7.37e-16 | 0 | 0 | 1.11e-16 | 50 | 0.0136 |  |
| harshaw | corr=0,d=50,phi=0.5 | 50 | gs | float32 | 2000 | 0 | 1.35 | 0.97 | 0.602 | 1.32 | 1 | 0.0272 | 0.0148 | 0 |  | 1.12e-07 | 8.84e-08 | 5.12e-08 | 4.75e-07 | 0 | 0 | 5.96e-08 | 50 | 0.0135 |  |
| harshaw | corr=0,d=50,phi=0.5 | 50 | gs | float16 | 2000 | 0 | 1.35 | 0.969 | 0.601 | 1.32 | 0.997 | 0.0272 | 0.0147 | 0.0155 | 37 | 0.000838 | 0.000717 | 0.000244 | 0.00372 | 0.0125 | 0.0005 | 0.000488 | 50 | 0.0204 |  |
| harshaw | corr=1,d=5,phi=0.01 | 50 | lstsq | float64 | 2000 | 0 | 0.761 | 0.17 | 0.308 | 0.136 | 1 | 0.00519 | 0.00262 | 0 |  | 9.62e-16 | 4.11e-15 | 2.22e-16 |  | 0 | 0 | 3.33e-16 | 50 | 0.157 |  |
| harshaw | corr=1,d=5,phi=0.01 | 50 | lstsq | float32 | 2000 | 0 | 0.761 | 0.17 | 0.308 | 0.136 | 1 | 0.00519 | 0.00262 | 0 |  | 1.75e-07 | 9.9e-07 | 1.41e-07 |  | 0 | 0 | 2.38e-07 | 50 | 0.157 |  |
| harshaw | corr=1,d=5,phi=0.01 | 50 | lstsq | float16 | 2000 | 0 | 0.756 | 0.171 | 0.305 | 0.136 | 0.993 | 0.00641 | 0.00852 | 0.149 | 43 | 0.00145 | 0.00951 | 0.000717 |  | 0.115 | 0 | 0.00195 | 50 | 0.192 |  |
| harshaw | corr=1,d=5,phi=0.01 | 50 | chol | float64 | 2000 | 0 | 0.761 | 0.17 | 0.308 | 0.136 | 1 | 0.00519 | 0.00262 | 0 |  | 1.33e-13 | 2.9e-13 | 2.69e-14 | 2.56e-13 | 0 | 0 | 4.44e-16 | 50 | 0.0151 |  |
| harshaw | corr=1,d=5,phi=0.01 | 50 | chol | float32 | 2000 | 0 | 0.761 | 0.17 | 0.308 | 0.136 | 1 | 0.00529 | 0.00262 | 0.003 | 37 | 9.35e-05 | 0.000138 | 1.25e-05 | 0.000169 | 0 | 0 | 2.38e-07 | 50 | 0.0153 |  |
| harshaw | corr=1,d=5,phi=0.01 | 50 | chol | float16 | 2000 | 0.974 | 1.24 | 0.181 | 0.507 | 0.146 | 2.12 | 0.108 | 0.0974 | 0.904 | 38 | 0.737 | 1.4 | 0.225 | 0.62 | 0.122 | 0 | 0.00146 | 50 | 0.0162 | breakdown:downdate:1946;nonfinite_u:2 |
| harshaw | corr=1,d=5,phi=0.01 | 50 | chol_rk10 | float64 | 2000 | 0 | 0.761 | 0.17 | 0.308 | 0.136 | 1 | 0.00519 | 0.00262 | 0 |  | 1.33e-13 | 7.46e-14 | 8.13e-15 | 2.52e-14 | 0 | 0 | 4.44e-16 | 50 | 0.0158 |  |
| harshaw | corr=1,d=5,phi=0.01 | 50 | chol_rk10 | float32 | 2000 | 0 | 0.761 | 0.17 | 0.308 | 0.136 | 1 | 0.00522 | 0.00262 | 0.0035 | 38 | 9.78e-05 | 3.55e-05 | 4.69e-06 | 3.14e-05 | 0.0005 | 0 | 2.38e-07 | 50 | 0.0159 |  |
| harshaw | corr=1,d=5,phi=0.01 | 50 | chol_rk10 | float16 | 2000 | 0 | 1.37 | 0.208 | 0.588 | 0.137 | 1.79 | 0.0058 | 0.00358 | 0.835 | 41 | 0.763 | 0.306 | 0.0412 | 0.144 | 0.12 | 0 | 0.00195 | 50 | 0.0175 |  |
| harshaw | corr=1,d=5,phi=0.01 | 50 | gs | float64 | 2000 | 0 | 0.761 | 0.17 | 0.308 | 0.136 | 1 | 0.00519 | 0.00262 | 0 |  | 4.05e-14 | 7.77e-14 | 8.66e-15 | 6.26e-14 | 0 | 0 | 4.44e-16 | 50 | 0.0136 |  |
| harshaw | corr=1,d=5,phi=0.01 | 50 | gs | float32 | 2000 | 0 | 0.761 | 0.17 | 0.308 | 0.136 | 1 | 0.00525 | 0.00262 | 0.001 | 39 | 2.11e-05 | 1.64e-05 | 7.18e-06 | 3.15e-05 | 0.0005 | 0 | 2.38e-07 | 50 | 0.0132 |  |
| harshaw | corr=1,d=5,phi=0.01 | 50 | gs | float16 | 2000 | 0 | 0.754 | 0.171 | 0.303 | 0.136 | 0.991 | 0.00628 | 0.00232 | 0.803 | 41 | 0.155 | 0.213 | 0.109 | 0.475 | 0.143 | 0.0005 | 0.00195 | 50 | 0.0204 |  |
| harshaw | corr=1,d=5,phi=0.1 | 50 | lstsq | float64 | 2000 | 0 | 0.764 | 0.491 | 0.324 | 0.508 | 1 | 0.0199 | 0.00703 | 0 |  | 8.44e-16 | 1.44e-15 | 6.11e-16 |  | 0 | 0 | 2.22e-16 | 50 | 0.157 |  |
| harshaw | corr=1,d=5,phi=0.1 | 50 | lstsq | float32 | 2000 | 0 | 0.764 | 0.491 | 0.324 | 0.508 | 1 | 0.0199 | 0.00703 | 0 |  | 2.13e-07 | 4.67e-07 | 8.49e-08 |  | 0 | 0 | 1.19e-07 | 50 | 0.156 |  |
| harshaw | corr=1,d=5,phi=0.1 | 50 | lstsq | float16 | 2000 | 0 | 0.768 | 0.492 | 0.326 | 0.51 | 1 | 0.0199 | 0.00703 | 0.087 | 43 | 0.00158 | 0.00292 | 0.000598 |  | 0.072 | 0 | 0.000977 | 50 | 0.191 |  |
| harshaw | corr=1,d=5,phi=0.1 | 50 | chol | float64 | 2000 | 0 | 0.764 | 0.491 | 0.324 | 0.508 | 1 | 0.0199 | 0.00703 | 0 |  | 5.4e-14 | 1.43e-13 | 2.19e-14 | 7.31e-14 | 0 | 0 | 3.33e-16 | 50 | 0.015 |  |
| harshaw | corr=1,d=5,phi=0.1 | 50 | chol | float32 | 2000 | 0 | 0.764 | 0.491 | 0.324 | 0.508 | 1 | 0.0199 | 0.00703 | 0 |  | 1.05e-05 | 2.39e-05 | 7.7e-06 | 1.75e-05 | 0 | 0 | 1.19e-07 | 50 | 0.0154 |  |
| harshaw | corr=1,d=5,phi=0.1 | 50 | chol | float16 | 2000 | 0 | 0.784 | 0.49 | 0.333 | 0.514 | 1.03 | 0.0223 | 0.00709 | 0.285 | 44 | 0.0878 | 0.233 | 0.0459 | 0.14 | 0.062 | 0 | 0.000977 | 50 | 0.0157 |  |
| harshaw | corr=1,d=5,phi=0.1 | 50 | chol_rk10 | float64 | 2000 | 0 | 0.764 | 0.491 | 0.324 | 0.508 | 1 | 0.0199 | 0.00703 | 0 |  | 1.47e-14 | 3.82e-15 | 6.66e-16 | 2.29e-15 | 0 | 0 | 2.22e-16 | 50 | 0.0159 |  |
| harshaw | corr=1,d=5,phi=0.1 | 50 | chol_rk10 | float32 | 2000 | 0 | 0.764 | 0.491 | 0.324 | 0.508 | 1 | 0.0199 | 0.00703 | 0 |  | 1.05e-05 | 3.25e-06 | 5.22e-07 | 1.59e-06 | 0 | 0 | 1.19e-07 | 50 | 0.0162 |  |
| harshaw | corr=1,d=5,phi=0.1 | 50 | chol_rk10 | float16 | 2000 | 0 | 0.768 | 0.489 | 0.327 | 0.51 | 1 | 0.0211 | 0.00706 | 0.252 | 44 | 0.061 | 0.0243 | 0.00457 | 0.0148 | 0.0615 | 0 | 0.000977 | 50 | 0.0165 |  |
| harshaw | corr=1,d=5,phi=0.1 | 50 | gs | float64 | 2000 | 0 | 0.764 | 0.491 | 0.324 | 0.508 | 1 | 0.0199 | 0.00703 | 0 |  | 3.76e-15 | 3.37e-15 | 7.77e-16 | 6.34e-15 | 0 | 0 | 2.22e-16 | 50 | 0.0134 |  |
| harshaw | corr=1,d=5,phi=0.1 | 50 | gs | float32 | 2000 | 0 | 0.764 | 0.491 | 0.324 | 0.508 | 1 | 0.0199 | 0.00703 | 0 |  | 2.37e-06 | 2.42e-06 | 3.18e-07 | 3.12e-06 | 0 | 0 | 1.19e-07 | 50 | 0.0136 |  |
| harshaw | corr=1,d=5,phi=0.1 | 50 | gs | float16 | 2000 | 0 | 0.764 | 0.485 | 0.328 | 0.509 | 1 | 0.0166 | 0.00704 | 0.204 | 43 | 0.0241 | 0.0187 | 0.00269 | 0.0225 | 0.0595 | 0.0005 | 0.000977 | 50 | 0.0215 |  |
| harshaw | corr=1,d=5,phi=0.5 | 50 | lstsq | float64 | 2000 | 0 | 1.19 | 1.08 | 0.51 | 1.19 | 1 | 0.0349 | 0.0157 | 0 |  | 9.9e-16 | 5.27e-16 | 2.22e-16 |  | 0 | 0 | 1.11e-16 | 50 | 0.158 |  |
| harshaw | corr=1,d=5,phi=0.5 | 50 | lstsq | float32 | 2000 | 0 | 1.19 | 1.08 | 0.51 | 1.19 | 1 | 0.0349 | 0.0157 | 0 |  | 3.94e-07 | 2.38e-07 | 6.78e-08 |  | 0 | 0 | 5.96e-08 | 50 | 0.156 |  |
| harshaw | corr=1,d=5,phi=0.5 | 50 | lstsq | float16 | 2000 | 0 | 1.19 | 1.08 | 0.512 | 1.19 | 1 | 0.0343 | 0.0157 | 0.0185 | 41 | 0.00522 | 0.00276 | 0.000863 |  | 0.01 | 0 | 0.000488 | 50 | 0.19 |  |
| harshaw | corr=1,d=5,phi=0.5 | 50 | chol | float64 | 2000 | 0 | 1.19 | 1.08 | 0.51 | 1.19 | 1 | 0.0349 | 0.0157 | 0 |  | 1.55e-15 | 2e-15 | 2.78e-16 | 3.88e-15 | 0 | 0 | 1.11e-16 | 50 | 0.0151 |  |
| harshaw | corr=1,d=5,phi=0.5 | 50 | chol | float32 | 2000 | 0 | 1.19 | 1.08 | 0.51 | 1.19 | 1 | 0.0349 | 0.0157 | 0 |  | 8.49e-07 | 7.32e-07 | 4.76e-07 | 2.13e-06 | 0 | 0 | 5.96e-08 | 50 | 0.0154 |  |
| harshaw | corr=1,d=5,phi=0.5 | 50 | chol | float16 | 2000 | 0 | 1.19 | 1.08 | 0.511 | 1.19 | 1 | 0.033 | 0.0157 | 0.0225 | 42 | 0.00597 | 0.0076 | 0.00166 | 0.0384 | 0.0135 | 0 | 0.000488 | 50 | 0.0157 |  |
| harshaw | corr=1,d=5,phi=0.5 | 50 | chol_rk10 | float64 | 2000 | 0 | 1.19 | 1.08 | 0.51 | 1.19 | 1 | 0.0349 | 0.0157 | 0 |  | 1.18e-15 | 4.44e-16 | 1.67e-16 | 1.03e-15 | 0 | 0 | 1.11e-16 | 50 | 0.0158 |  |
| harshaw | corr=1,d=5,phi=0.5 | 50 | chol_rk10 | float32 | 2000 | 0 | 1.19 | 1.08 | 0.51 | 1.19 | 1 | 0.0349 | 0.0157 | 0 |  | 4.87e-07 | 1.43e-07 | 5.64e-08 | 4.18e-07 | 0 | 0 | 5.96e-08 | 50 | 0.0163 |  |
| harshaw | corr=1,d=5,phi=0.5 | 50 | chol_rk10 | float16 | 2000 | 0 | 1.19 | 1.08 | 0.51 | 1.19 | 1 | 0.0329 | 0.0157 | 0.018 | 41 | 0.00437 | 0.00106 | 0.000479 | 0.00646 | 0.0145 | 0 | 0.000488 | 50 | 0.0166 |  |
| harshaw | corr=1,d=5,phi=0.5 | 50 | gs | float64 | 2000 | 0 | 1.19 | 1.08 | 0.51 | 1.19 | 1 | 0.0349 | 0.0157 | 0 |  | 7.4e-16 | 5.55e-16 | 1.67e-16 | 6.92e-16 | 0 | 0 | 1.11e-16 | 50 | 0.0133 |  |
| harshaw | corr=1,d=5,phi=0.5 | 50 | gs | float32 | 2000 | 0 | 1.19 | 1.08 | 0.51 | 1.19 | 1 | 0.0349 | 0.0157 | 0 |  | 2.41e-07 | 2.04e-07 | 3.76e-08 | 5.36e-07 | 0 | 0 | 5.96e-08 | 50 | 0.0135 |  |
| harshaw | corr=1,d=5,phi=0.5 | 50 | gs | float16 | 2000 | 0 | 1.19 | 1.08 | 0.511 | 1.19 | 1 | 0.0348 | 0.0157 | 0.0145 | 41 | 0.00255 | 0.00133 | 0.000644 | 0.00406 | 0.011 | 0.0005 | 0.000488 | 50 | 0.026 |  |
| harshaw | corr=1,d=50,phi=0.01 | 50 | lstsq | float64 | 2000 | 0 | 0.778 | 0.206 | 0.355 | 0.185 | 1 | 0.00515 | 0.00243 | 0 |  | 6.5e-15 | 1.76e-14 | 2.23e-14 |  | 0 | 0 | 2.22e-16 | 50 | 0.178 |  |
| harshaw | corr=1,d=50,phi=0.01 | 50 | lstsq | float32 | 2000 | 0 | 0.778 | 0.206 | 0.355 | 0.185 | 1 | 0.00515 | 0.00243 | 0 |  | 1.95e-07 | 8.09e-07 | 4.76e-06 |  | 0 | 0 | 1.19e-07 | 50 | 0.175 |  |
| harshaw | corr=1,d=50,phi=0.01 | 50 | lstsq | float16 | 2000 | 0 | 0.791 | 0.211 | 0.359 | 0.187 | 1.02 | 0.00427 | 0.0114 | 0.721 | 25 | 0.00159 | 0.00645 | 0.0709 |  | 1.05 | 0 | 0.000977 | 50 | 0.244 |  |
| harshaw | corr=1,d=50,phi=0.01 | 50 | chol | float64 | 2000 | 0 | 0.778 | 0.206 | 0.355 | 0.185 | 1 | 0.00515 | 0.00243 | 0 |  | 1.45e-13 | 1.36e-13 | 2.03e-13 | 8.26e-14 | 0 | 0 | 4.44e-16 | 50 | 0.0858 |  |
| harshaw | corr=1,d=50,phi=0.01 | 50 | chol | float32 | 2000 | 0 | 0.777 | 0.206 | 0.354 | 0.185 | 0.999 | 0.00528 | 0.00243 | 0.003 | 25 | 7.39e-05 | 6.82e-05 | 0.000333 | 3.96e-05 | 0 | 0 | 1.79e-07 | 50 | 0.087 |  |
| harshaw | corr=1,d=50,phi=0.01 | 50 | chol | float16 | 2000 | 0.0005 | 1.18 | 0.246 | 0.506 | 0.184 | 1.52 | 0.00537 | 0.00326 | 1 | 12 | 0.677 | 0.793 | 0.417 | 0.812 | 1.18 | 0 | 0.00146 | 50 | 0.117 | breakdown:downdate:1 |
| harshaw | corr=1,d=50,phi=0.01 | 50 | chol_rk10 | float64 | 2000 | 0 | 0.778 | 0.206 | 0.355 | 0.185 | 1 | 0.00515 | 0.00243 | 0 |  | 1.45e-13 | 6.56e-14 | 1.34e-13 | 4.64e-15 | 0 | 0 | 2.22e-16 | 50 | 0.0937 |  |
| harshaw | corr=1,d=50,phi=0.01 | 50 | chol_rk10 | float32 | 2000 | 0 | 0.777 | 0.206 | 0.354 | 0.185 | 0.999 | 0.0052 | 0.00243 | 0.0015 | 24 | 7.39e-05 | 3.87e-05 | 9.26e-05 | 2.65e-06 | 0 | 0 | 2.38e-07 | 50 | 0.0944 |  |
| harshaw | corr=1,d=50,phi=0.01 | 50 | chol_rk10 | float16 | 2000 | 0 | 1.07 | 0.243 | 0.478 | 0.18 | 1.37 | 0.0158 | 0.0151 | 1 | 12 | 0.677 | 0.265 | 0.289 | 0.0305 | 1.16 | 0 | 0.00146 | 50 | 0.134 |  |
| harshaw | corr=1,d=50,phi=0.01 | 50 | gs | float64 | 2000 | 0 | 0.778 | 0.206 | 0.355 | 0.185 | 1 | 0.00515 | 0.00243 | 0 |  | 2.46e-14 | 2.64e-14 | 3.69e-14 | 4.96e-14 | 0 | 0 | 3.33e-16 | 50 | 0.0136 |  |
| harshaw | corr=1,d=50,phi=0.01 | 50 | gs | float32 | 2000 | 0 | 0.778 | 0.206 | 0.355 | 0.185 | 1 | 0.00512 | 0.00243 | 0.001 | 45.5 | 1.16e-05 | 1.49e-05 | 1.11e-05 | 2.77e-05 | 0 | 0 | 2.38e-07 | 50 | 0.0135 |  |
| harshaw | corr=1,d=50,phi=0.01 | 50 | gs | float16 | 2000 | 0 | 0.777 | 0.209 | 0.345 | 0.189 | 0.999 | 0.00713 | 0.00421 | 1 | 17 | 0.129 | 0.137 | 0.0374 | 0.196 | 1.09 | 0.0085 | 0.00146 | 50 | 0.0188 |  |
| harshaw | corr=1,d=50,phi=0.1 | 50 | lstsq | float64 | 2000 | 0 | 0.756 | 0.422 | 0.345 | 0.551 | 1 | 0.0176 | 0.00603 | 0 |  | 3.98e-15 | 4.94e-15 | 2.22e-15 |  | 0 | 0 | 2.22e-16 | 50 | 0.177 |  |
| harshaw | corr=1,d=50,phi=0.1 | 50 | lstsq | float32 | 2000 | 0 | 0.756 | 0.422 | 0.345 | 0.551 | 1 | 0.0176 | 0.00603 | 0 |  | 1.88e-07 | 3.3e-07 | 1.07e-06 |  | 0 | 0 | 1.19e-07 | 50 | 0.175 |  |
| harshaw | corr=1,d=50,phi=0.1 | 50 | lstsq | float16 | 2000 | 0 | 0.756 | 0.418 | 0.341 | 0.553 | 1 | 0.0153 | 0.00619 | 0.41 | 33 | 0.00147 | 0.00236 | 0.00194 |  | 0.445 | 0 | 0.000977 | 50 | 0.246 |  |
| harshaw | corr=1,d=50,phi=0.1 | 50 | chol | float64 | 2000 | 0 | 0.756 | 0.422 | 0.345 | 0.551 | 1 | 0.0176 | 0.00603 | 0 |  | 5.69e-15 | 5.38e-15 | 1.57e-14 | 4.81e-15 | 0 | 0 | 2.22e-16 | 50 | 0.0858 |  |
| harshaw | corr=1,d=50,phi=0.1 | 50 | chol | float32 | 2000 | 0 | 0.756 | 0.422 | 0.345 | 0.551 | 1 | 0.0176 | 0.00603 | 0 |  | 3.7e-06 | 7.2e-06 | 1.15e-05 | 3.71e-06 | 0 | 0 | 1.19e-07 | 50 | 0.0874 |  |
| harshaw | corr=1,d=50,phi=0.1 | 50 | chol | float16 | 2000 | 0 | 0.76 | 0.424 | 0.343 | 0.553 | 1 | 0.0145 | 0.00556 | 0.656 | 33 | 0.0357 | 0.0465 | 0.0327 | 0.0387 | 0.432 | 0.0005 | 0.000977 | 50 | 0.103 |  |
| harshaw | corr=1,d=50,phi=0.1 | 50 | chol_rk10 | float64 | 2000 | 0 | 0.756 | 0.422 | 0.345 | 0.551 | 1 | 0.0176 | 0.00603 | 0 |  | 5.69e-15 | 5.08e-15 | 1.78e-14 | 7.94e-16 | 0 | 0 | 2.22e-16 | 50 | 0.0932 |  |
| harshaw | corr=1,d=50,phi=0.1 | 50 | chol_rk10 | float32 | 2000 | 0 | 0.756 | 0.422 | 0.345 | 0.551 | 1 | 0.0176 | 0.00603 | 0 |  | 3.7e-06 | 1.02e-06 | 2.23e-06 | 4.88e-07 | 0 | 0 | 1.19e-07 | 50 | 0.0946 |  |
| harshaw | corr=1,d=50,phi=0.1 | 50 | chol_rk10 | float16 | 2000 | 0 | 0.771 | 0.418 | 0.342 | 0.548 | 1.02 | 0.0159 | 0.00556 | 0.61 | 33 | 0.0357 | 0.00908 | 0.00797 | 0.0049 | 0.43 | 0 | 0.000977 | 50 | 0.121 |  |
| harshaw | corr=1,d=50,phi=0.1 | 50 | gs | float64 | 2000 | 0 | 0.756 | 0.422 | 0.345 | 0.551 | 1 | 0.0176 | 0.00603 | 0 |  | 4.24e-15 | 4.94e-15 | 2.83e-15 | 3.12e-15 | 0 | 0 | 2.22e-16 | 50 | 0.0134 |  |
| harshaw | corr=1,d=50,phi=0.1 | 50 | gs | float32 | 2000 | 0 | 0.756 | 0.422 | 0.345 | 0.551 | 1 | 0.0176 | 0.00603 | 0 |  | 1.1e-06 | 9.93e-07 | 1.16e-06 | 1.57e-06 | 0 | 0 | 1.19e-07 | 50 | 0.0135 |  |
| harshaw | corr=1,d=50,phi=0.1 | 50 | gs | float16 | 2000 | 0 | 0.78 | 0.413 | 0.348 | 0.54 | 1.03 | 0.0184 | 0.00603 | 0.489 | 33 | 0.0093 | 0.00733 | 0.00721 | 0.0134 | 0.441 | 0.006 | 0.000977 | 50 | 0.0186 |  |
| harshaw | corr=1,d=50,phi=0.5 | 50 | lstsq | float64 | 2000 | 0 | 1.16 | 0.846 | 0.523 | 1.16 | 1 | 0.0407 | 0.0165 | 0 |  | 2.1e-15 | 1.2e-15 | 0 |  | 0 | 0 | 1.11e-16 | 50 | 0.177 |  |
| harshaw | corr=1,d=50,phi=0.5 | 50 | lstsq | float32 | 2000 | 0 | 1.16 | 0.846 | 0.523 | 1.16 | 1 | 0.0407 | 0.0165 | 0 |  | 3.94e-07 | 2.35e-07 | 2.98e-08 |  | 0 | 0 | 5.96e-08 | 50 | 0.175 |  |
| harshaw | corr=1,d=50,phi=0.5 | 50 | lstsq | float16 | 2000 | 0 | 1.16 | 0.846 | 0.523 | 1.16 | 1 | 0.041 | 0.0165 | 0.02 | 37.5 | 0.00272 | 0.00221 | 0.000244 |  | 0.0155 | 0 | 0.000488 | 50 | 0.252 |  |
| harshaw | corr=1,d=50,phi=0.5 | 50 | chol | float64 | 2000 | 0 | 1.16 | 0.846 | 0.523 | 1.16 | 1 | 0.0407 | 0.0165 | 0 |  | 2.01e-15 | 1.23e-15 | 0 | 1.75e-15 | 0 | 0 | 1.11e-16 | 50 | 0.0853 |  |
| harshaw | corr=1,d=50,phi=0.5 | 50 | chol | float32 | 2000 | 0 | 1.16 | 0.846 | 0.523 | 1.16 | 1 | 0.0407 | 0.0165 | 0 |  | 5.08e-07 | 2.52e-07 | 2.98e-08 | 1.26e-06 | 0 | 0 | 5.96e-08 | 50 | 0.0873 |  |
| harshaw | corr=1,d=50,phi=0.5 | 50 | chol | float16 | 2000 | 0 | 1.16 | 0.847 | 0.526 | 1.16 | 1 | 0.042 | 0.0165 | 0.026 | 39 | 0.00713 | 0.0041 | 0.000244 | 0.0317 | 0.018 | 0 | 0.000488 | 50 | 0.105 |  |
| harshaw | corr=1,d=50,phi=0.5 | 50 | chol_rk10 | float64 | 2000 | 0 | 1.16 | 0.846 | 0.523 | 1.16 | 1 | 0.0407 | 0.0165 | 0 |  | 2.16e-15 | 1.21e-15 | 0 | 9.09e-16 | 0 | 0 | 1.11e-16 | 50 | 0.0936 |  |
| harshaw | corr=1,d=50,phi=0.5 | 50 | chol_rk10 | float32 | 2000 | 0 | 1.16 | 0.846 | 0.523 | 1.16 | 1 | 0.0407 | 0.0165 | 0 |  | 2.5e-07 | 7.44e-08 | 2.98e-08 | 5.68e-07 | 0 | 0 | 5.96e-08 | 50 | 0.0947 |  |
| harshaw | corr=1,d=50,phi=0.5 | 50 | chol_rk10 | float16 | 2000 | 0 | 1.16 | 0.846 | 0.523 | 1.16 | 1 | 0.0409 | 0.0165 | 0.017 | 38 | 0.00279 | 0.000923 | 0.000244 | 0.00946 | 0.015 | 0 | 0.000488 | 50 | 0.122 |  |
| harshaw | corr=1,d=50,phi=0.5 | 50 | gs | float64 | 2000 | 0 | 1.16 | 0.846 | 0.523 | 1.16 | 1 | 0.0407 | 0.0165 | 0 |  | 2.12e-15 | 1.19e-15 | 0 | 7.11e-16 | 0 | 0 | 1.11e-16 | 50 | 0.0133 |  |
| harshaw | corr=1,d=50,phi=0.5 | 50 | gs | float32 | 2000 | 0 | 1.16 | 0.846 | 0.523 | 1.16 | 1 | 0.0407 | 0.0165 | 0 |  | 1.84e-07 | 1.81e-07 | 2.98e-08 | 3.53e-07 | 0 | 0 | 5.96e-08 | 50 | 0.0133 |  |
| harshaw | corr=1,d=50,phi=0.5 | 50 | gs | float16 | 2000 | 0 | 1.16 | 0.845 | 0.523 | 1.16 | 1 | 0.04 | 0.0165 | 0.018 | 39.5 | 0.00141 | 0.00118 | 0.000244 | 0.00316 | 0.0135 | 0.0005 | 0.000488 | 50 | 0.0207 |  |
| gaussian |  | 200 | lstsq | float64 | 200 | 0 | 0.982 | 0.735 | 0.478 | 0.0211 | 1 | 0.0951 | 0.0475 | 0 |  | 2.67e-14 | 1.77e-13 | 1.73e-14 |  | 0 | 0 | 2.22e-16 | 200 | 3.71 |  |
| gaussian |  | 200 | lstsq | float32 | 200 | 0 | 0.978 | 0.734 | 0.475 | 0.0211 | 0.996 | 0.098 | 0.0471 | 0.01 | 27.5 | 6.33e-06 | 6.07e-05 | 1.19e-05 |  | 0.01 | 0 | 5.96e-08 | 200 | 3.46 |  |
| gaussian |  | 200 | lstsq | float16 | 200 | 0 | 0.961 | 0.767 | 0.445 | 0.0211 | 0.979 | 0.0651 | 0.0342 | 1 | 2 | 0.0517 | 0.29 | 0.0224 |  | 18.7 | 0 | 0.000488 | 192 | 10.5 |  |
| gaussian |  | 200 | gs | float64 | 2000 | 0 | 0.987 | 0.772 | 0.445 | 0.0206 | 1 | 0.0242 | 0.0105 | 0 |  | 1.44e-12 | 6.14e-12 | 3.12e-12 | 5.23e-12 | 0 | 0 | 2.22e-16 | 200 | 0.262 |  |
| gaussian |  | 200 | gs | float32 | 2000 | 0 | 0.981 | 0.768 | 0.446 | 0.0206 | 1 | 0.0238 | 0.0111 | 0.16 | 53 | 0.000878 | 0.00496 | 0.0022 | 0.0029 | 0.0045 | 0 | 1.19e-07 | 200 | 0.0977 |  |
| gaussian |  | 200 | gs | float16 | 2000 | 0 | 1.01 | 0.754 | 0.45 | 0.0143 | 0.944 | 0.0191 | 0.0104 | 1 | 0 | 0.253 | 3.99 | 1 | 0.741 | 18.9 | 0.217 | 0.000977 | 200 | 0.495 |  |
| conditioned | kappa=1 | 200 | lstsq | float64 | 200 | 0 | 2.01 | 1.55 | 0.811 | 1.78 | 1 | 0.139 | 0.0687 | 0 |  | 1.93e-15 | 8.35e-16 | 0 |  | 0 | 0 | 1.11e-16 | 200 | 3.95 |  |
| conditioned | kappa=1 | 200 | lstsq | float32 | 200 | 0 | 2.01 | 1.55 | 0.811 | 1.78 | 1 | 0.139 | 0.0687 | 0 |  | 6.93e-07 | 2.66e-07 | 2.98e-08 |  | 0 | 0 | 5.96e-08 | 200 | 3.37 |  |
| conditioned | kappa=1 | 200 | lstsq | float16 | 200 | 0 | 2.01 | 1.55 | 0.811 | 1.78 | 1 | 0.137 | 0.0668 | 0 |  | 0.00572 | 0.00294 | 0.000244 |  | 0 | 0 | 0.000488 | 200 | 11.5 |  |
| conditioned | kappa=1 | 200 | gs | float64 | 2000 | 0 | 1.76 | 1.6 | 0.724 | 1.59 | 1 | 0.0448 | 0.022 | 0 |  | 1.6e-15 | 3.77e-16 | 0 | 2.22e-16 | 0 | 0 | 1.11e-16 | 200 | 0.121 |  |
| conditioned | kappa=1 | 200 | gs | float32 | 2000 | 0 | 1.76 | 1.6 | 0.724 | 1.59 | 1 | 0.0448 | 0.022 | 0 |  | 7.75e-08 | 2.3e-08 | 2.98e-08 | 1.79e-07 | 0 | 0 | 5.96e-08 | 200 | 0.0961 |  |
| conditioned | kappa=1 | 200 | gs | float16 | 2000 | 0 | 1.76 | 1.6 | 0.725 | 1.59 | 1 | 0.0452 | 0.022 | 0 |  | 0.000614 | 0.000202 | 0.000244 | 0.00146 | 0 | 0 | 0.000488 | 200 | 1.35 |  |
| conditioned | kappa=100 | 200 | lstsq | float64 | 200 | 0 | 0.819 | 0.389 | 0.379 | 0.0852 | 1 | 0.0459 | 0.0165 | 0 |  | 4.46e-15 | 1.05e-14 | 1.69e-14 |  | 0 | 0 | 1.11e-16 | 200 | 3.56 |  |
| conditioned | kappa=100 | 200 | lstsq | float32 | 200 | 0 | 0.817 | 0.389 | 0.377 | 0.0852 | 0.997 | 0.0448 | 0.0167 | 0.005 | 20 | 6.3e-07 | 2.08e-06 | 7.18e-06 |  | 0.005 | 0 | 5.96e-08 | 200 | 3.42 |  |
| conditioned | kappa=100 | 200 | lstsq | float16 | 200 | 0 | 0.828 | 0.403 | 0.374 | 0.0795 | 1.01 | 0.0382 | 0.018 | 1 | 11 | 0.00474 | 0.0181 | 0.0347 |  | 20.1 | 0 | 0.000977 | 191 | 10.4 |  |
| conditioned | kappa=100 | 200 | gs | float64 | 2000 | 0 | 0.825 | 0.408 | 0.379 | 0.0826 | 1 | 0.0326 | 0.012 | 0 |  | 1.72e-13 | 1.56e-13 | 5.31e-13 | 6e-13 | 0 | 0 | 2.22e-16 | 200 | 0.119 |  |
| conditioned | kappa=100 | 200 | gs | float32 | 2000 | 0 | 0.821 | 0.41 | 0.38 | 0.0825 | 1.01 | 0.0292 | 0.012 | 0.075 | 77 | 9.04e-05 | 0.000132 | 0.000114 | 0.000301 | 0.003 | 0 | 1.19e-07 | 200 | 0.0958 |  |
| conditioned | kappa=100 | 200 | gs | float16 | 2000 | 0.963 | 0.856 | 0.433 | 0.386 | 0.0574 | 0.691 | 0.118 | 0.0619 | 1 | 0 | 2.64 | 5.23 | 0.27 | 5.13 | 0.867 | 0.009 | 0.000488 | 200 | 0.116 | breakdown:cholesky:1426;nonfinite_u:499 |
| conditioned | kappa=10000 | 200 | lstsq | float64 | 200 | 0 | 0.722 | 0.249 | 0.359 | 0.00115 | 1 | 0.0219 | 0.0136 | 0 |  | 5.7e-15 | 6.19e-13 | 4.69e-13 |  | 0 | 0 | 2.22e-16 | 200 | 3.99 |  |
| conditioned | kappa=10000 | 200 | lstsq | float32 | 200 | 0 | 0.723 | 0.249 | 0.36 | 0.00115 | 1 | 0.0211 | 0.0136 | 0.025 | 23 | 9.07e-07 | 0.000154 | 0.000116 |  | 0.005 | 0 | 1.19e-07 | 200 | 3.42 |  |
| conditioned | kappa=10000 | 200 | lstsq | float16 | 200 | 0 | 1.01 | 0.254 | 0.405 | 0.00109 | 1.39 | 0.0213 | 0.014 | 1 | 1 | 0.00945 | 1.53 | 0.568 |  | 25.4 | 0 | 0.000977 | 185 | 11.5 |  |
| conditioned | kappa=10000 | 200 | gs | float64 | 2000 | 0 | 0.783 | 0.263 | 0.357 | 0.00115 | 1 | 0.0134 | 0.0113 | 0 |  | 7.34e-10 | 2.12e-09 | 6.6e-10 | 5.44e-09 | 0 | 0 | 2.22e-16 | 200 | 0.119 |  |
| conditioned | kappa=10000 | 200 | gs | float32 | 2000 | 0 | 0.82 | 0.267 | 0.366 | 0.00113 | 0.944 | 0.0193 | 0.0116 | 1 | 1 | 0.452 | 1.36 | 0.838 | 3.3 | 0.0045 | 0 | 2.38e-07 | 200 | 0.0962 |  |
| conditioned | kappa=10000 | 200 | gs | float16 | 2000 | 1 |  |  |  |  |  |  |  |  |  |  |  |  |  | 0 | 0 | 0 | 0 | 0.0476 | breakdown:cholesky:2000 |
| conditioned | kappa=1e+06 | 200 | lstsq | float64 | 200 | 0 | 0.766 | 0.191 | 0.336 | 1.39e-05 | 1 | 0.0346 | 0.0336 | 0 |  | 8.88e-15 | 4.41e-11 | 2.4e-11 |  | 0 | 0 | 2.22e-16 | 200 | 4.04 |  |
| conditioned | kappa=1e+06 | 200 | lstsq | float32 | 200 | 0 | 0.778 | 0.192 | 0.352 | 1.39e-05 | 1.02 | 0.0236 | 0.0102 | 0.67 | 14 | 8.7e-07 | 0.015 | 0.0119 |  | 0 | 0 | 1.19e-07 | 200 | 3.43 |  |
| conditioned | kappa=1e+06 | 200 | lstsq | float16 | 200 | 0 | 0.748 | 0.2 | 0.33 | 5.87e-06 | 0.976 | 0.0702 | 0.0327 | 1 | 0 | 0.0355 | 11.3 | 0.883 |  | 24.8 | 0 | 0.000977 | 185 | 14.8 |  |
| conditioned | kappa=1e+06 | 200 | gs | float64 | 2000 | 0 | 0.744 | 0.2 | 0.323 | 1.35e-05 | 1.02 | 0.00564 | 0.00278 | 0.02 | 134 | 5.02e-06 | 1.74e-05 | 1.38e-05 | 5.42e-05 | 0 | 0 | 3.33e-16 | 200 | 0.121 |  |
| conditioned | kappa=1e+06 | 200 | gs | float32 | 2000 | 1 |  |  |  |  |  |  |  |  |  |  |  |  |  | 0 | 0 | 0 | 0 | 0.00431 | breakdown:cholesky:2000 |
| conditioned | kappa=1e+06 | 200 | gs | float16 | 2000 | 1 |  |  |  |  |  |  |  |  |  |  |  |  |  | 0 | 0 | 0 | 0 | 0.044 | breakdown:cholesky:2000 |
| conditioned | kappa=1e+08 | 200 | lstsq | float64 | 200 | 0 | 0.794 | 0.179 | 0.362 | 1.85e-07 | 1 | 0.0167 | 0.0363 | 0 |  | 7.67e-15 | 4.16e-09 | 5.03e-09 |  | 0 | 0 | 2.22e-16 | 200 | 4.05 |  |
| conditioned | kappa=1e+08 | 200 | lstsq | float32 | 200 | 0 | 0.713 | 0.193 | 0.338 | 1.96e-07 | 0.898 | 0.0172 | 0.00844 | 1 | 1 | 1.63e-06 | 1 | 0.211 |  | 0 | 0 | 1.79e-07 | 200 | 3.42 |  |
| conditioned | kappa=1e+08 | 200 | lstsq | float16 | 200 | 0 | 0.786 | 0.192 | 0.372 | 7.93e-08 | 0.99 | 0.031 | 0.0106 | 1 | 0 | 0.0135 | 5.81 | 0.826 |  | 24.6 | 0 | 0.00195 | 185 | 17.5 |  |
| conditioned | kappa=1e+08 | 200 | gs | float64 | 2000 | 0 | 0.834 | 0.197 | 0.359 | 1.89e-07 | 1.01 | 0.00415 | 0.00277 | 1 | 3 | 0.0465 | 0.185 | 0.23 | 0.582 | 0 | 0 | 3.33e-16 | 200 | 0.121 |  |
| conditioned | kappa=1e+08 | 200 | gs | float32 | 2000 | 1 |  |  |  |  |  |  |  |  |  |  |  |  |  | 0 | 0 | 0 | 0 | 0.00382 | breakdown:cholesky:2000 |
| conditioned | kappa=1e+08 | 200 | gs | float16 | 2000 | 1 |  |  |  |  |  |  |  |  |  |  |  |  |  | 0 | 0 | 0 | 0 | 0.0305 | breakdown:cholesky:2000 |
| collinear | eta=0.001 | 200 | lstsq | float64 | 200 | 0 | 0.263 | 0.0638 | 0.11 | 1.57e-05 | 1 | 0.0031 | 0.00303 | 0 |  | 8.81e-12 | 2.02e-08 | 7.67e-11 |  | 0 | 0 | 2.22e-16 | 200 | 4.06 |  |
| collinear | eta=0.001 | 200 | lstsq | float32 | 200 | 0 | 0.263 | 0.0638 | 0.11 | 1.55e-05 | 1 | 0.00297 | 0.00303 | 0.905 | 35 | 0.00227 | 10.4 | 0.00698 |  | 1.3 | 0 | 1.19e-07 | 200 | 3.43 |  |
| collinear | eta=0.001 | 200 | lstsq | float16 | 200 | 0 | 0.00115 | 0.00102 | 0.000519 | 4.86e-06 | 0.00437 | 8.41e-05 | 4.47e-05 | 1 | 0 | 1.29 | 318 | 0.827 |  | 91.5 | 0 | 0.000977 | 100 | 5.32 |  |
| collinear | eta=0.001 | 200 | gs | float64 | 2000 | 0 | 0.278 | 0.171 | 0.108 | 1.56e-05 | 1 | 0.00089 | 0.000553 | 0.12 | 60 | 1.11e-06 | 0.000949 | 0.000127 | 0.0029 | 0 | 0 | 3.33e-16 | 200 | 0.124 |  |
| collinear | eta=0.001 | 200 | gs | float32 | 2000 | 1 |  |  |  |  |  |  |  |  |  |  |  |  |  | 0 | 0 | 0 | 0 | 0.00321 | breakdown:cholesky:2000 |
| collinear | eta=0.001 | 200 | gs | float16 | 2000 | 1 |  |  |  |  |  |  |  |  |  |  |  |  |  | 0 | 0 | 0 | 0 | 0.00126 | breakdown:cholesky:2000 |
| collinear | eta=0.1 | 200 | lstsq | float64 | 200 | 0 | 0.746 | 0.417 | 0.302 | 0.00814 | 1 | 0.0455 | 0.0146 | 0 |  | 8.39e-14 | 1.49e-12 | 1.27e-13 |  | 0 | 0 | 2.22e-16 | 200 | 4.03 |  |
| collinear | eta=0.1 | 200 | lstsq | float32 | 200 | 0 | 0.737 | 0.417 | 0.298 | 0.00815 | 0.988 | 0.0434 | 0.0144 | 0.02 | 110 | 2.25e-05 | 0.000599 | 5.9e-05 |  | 0.015 | 0 | 1.19e-07 | 200 | 3.36 |  |
| collinear | eta=0.1 | 200 | lstsq | float16 | 200 | 0 | 0.834 | 0.402 | 0.338 | 0.00777 | 1.12 | 0.0265 | 0.0166 | 1 | 0 | 0.167 | 2.77 | 0.338 |  | 53.7 | 0.015 | 0.00195 | 160 | 7.56 |  |
| collinear | eta=0.1 | 200 | gs | float64 | 2000 | 0 | 0.749 | 0.411 | 0.304 | 0.0083 | 1 | 0.014 | 0.00961 | 0 |  | 1.01e-11 | 4.4e-10 | 2.78e-11 | 5.17e-10 | 0 | 0 | 4.44e-16 | 200 | 0.122 |  |
| collinear | eta=0.1 | 200 | gs | float32 | 2000 | 0 | 0.682 | 0.416 | 0.29 | 0.00831 | 0.934 | 0.0092 | 0.00498 | 1 | 8 | 0.00633 | 0.152 | 0.0074 | 0.232 | 0.0125 | 0 | 1.79e-07 | 200 | 0.0992 |  |
| collinear | eta=0.1 | 200 | gs | float16 | 2000 | 1 |  |  |  |  |  |  |  |  |  |  |  |  |  | 0 | 0 | 0 | 0 | 0.0472 | breakdown:cholesky:2000 |
| collinear | eta=1e-05 | 200 | lstsq | float64 | 200 | 0 | 1.43e-05 | 8.98e-06 | 5.81e-06 | 4.89e-07 | 1 | 7.58e-07 | 3.46e-07 | 0 |  | 5.65e-10 | 9.81e-05 | 3.51e-09 |  | 0 | 0 | 2.22e-16 | 200 | 4.05 |  |
| collinear | eta=1e-05 | 200 | lstsq | float32 | 200 | 0 | 1.18e-05 | 8.99e-06 | 5.42e-06 | 4.98e-07 | 0.828 | 5.48e-07 | 4.54e-07 | 1 | 1 | 0.19 | 4.81e+04 | 0.532 |  | 49.4 | 0.025 | 1.19e-07 | 164 | 2.55 |  |
| collinear | eta=1e-05 | 200 | lstsq | float16 | 200 | 0.905 | 1.49e-05 | 1.07e-05 | 6.95e-06 | 1.8e-07 | 1.39 | 3.57e-06 | 2.16e-06 | 1 | 0 | 0.0686 | 79.4 | 0.783 |  | 9.53 | 0 | 0.00195 | 99 | 1.32 | nonfinite_u:181 |
| collinear | eta=1e-05 | 200 | gs | float64 | 2000 | 0 | 1.15e-05 | 9.9e-06 | 5.04e-06 | 4.46e-07 | 0.76 | 2.3e-07 | 1.45e-07 | 1 | 0 | 0.00254 | 106 | 1 | 996 | 0 | 0 | 4.44e-16 | 200 | 0.16 |  |
| collinear | eta=1e-05 | 200 | gs | float32 | 2000 | 1 |  |  |  |  |  |  |  |  |  |  |  |  |  | 0 | 0 | 0 | 0 | 0.000403 | breakdown:cholesky:2000 |
| collinear | eta=1e-05 | 200 | gs | float16 | 2000 | 1 |  |  |  |  |  |  |  |  |  |  |  |  |  | 0 | 0 | 0 | 0 | 0.00115 | breakdown:cholesky:2000 |
| collinear | eta=1e-07 | 200 | lstsq | float64 | 200 | 0 | 1.11e-07 | 9.03e-08 | 5.33e-08 | 5.44e-09 | 1 | 8.05e-09 | 4.65e-09 | 0 |  | 8.09e-08 | 1.83 | 1.36e-07 |  | 0 | 0 | 2.22e-16 | 200 | 4.05 |  |
| collinear | eta=1e-07 | 200 | lstsq | float32 | 200 | 0 | 1.19e-07 | 1.05e-07 | 5.41e-08 | 1.7e-09 | 1.07 | 1.65e-08 | 5.05e-09 | 1 | 0 | 3.9e-06 | 8.1 | 0.97 |  | 85.6 | 0 | 1.19e-07 | 101 | 1.72 |  |
| collinear | eta=1e-07 | 200 | lstsq | float16 | 200 | 1 |  |  |  |  |  |  |  |  |  |  |  |  |  | 0 | 0 | 0.000488 | 2 | 0.147 | nonfinite_u:200 |
| collinear | eta=1e-07 | 200 | gs | float64 | 2000 | 1 |  |  |  |  |  |  |  |  |  |  |  |  |  | 0 | 0 | 0 | 0 | 0.0205 | breakdown:cholesky:2000 |
| collinear | eta=1e-07 | 200 | gs | float32 | 2000 | 1 |  |  |  |  |  |  |  |  |  |  |  |  |  | 0 | 0 | 0 | 0 | 0.000969 | breakdown:cholesky:2000 |
| collinear | eta=1e-07 | 200 | gs | float16 | 2000 | 1 |  |  |  |  |  |  |  |  |  |  |  |  |  | 0 | 0 | 0 | 0 | 0.00113 | breakdown:cholesky:2000 |
| harshaw | corr=0,d=5,phi=0.01 | 200 | lstsq | float64 | 200 | 0 | 0.553 | 0.17 | 0.241 | 0.165 | 1 | 0.0163 | 0.0242 | 0 |  | 5.05e-15 | 2.03e-14 | 3.22e-15 |  | 0 | 0 | 3.33e-16 | 200 | 3.78 |  |
| harshaw | corr=0,d=5,phi=0.01 | 200 | lstsq | float32 | 200 | 0 | 0.553 | 0.17 | 0.241 | 0.165 | 1 | 0.0163 | 0.0242 | 0 |  | 3.53e-07 | 1.75e-06 | 1.21e-06 |  | 0 | 0 | 1.19e-07 | 200 | 3.63 |  |
| harshaw | corr=0,d=5,phi=0.01 | 200 | lstsq | float16 | 200 | 0 | 0.508 | 0.167 | 0.241 | 0.166 | 0.919 | 0.024 | 0.0241 | 0.74 | 176 | 0.00333 | 0.0113 | 0.00262 |  | 0.69 | 0 | 0.000977 | 200 | 11.9 |  |
| harshaw | corr=0,d=5,phi=0.01 | 200 | chol | float64 | 2000 | 0 | 0.642 | 0.177 | 0.273 | 0.15 | 1 | 0.0137 | 0.00863 | 0 |  | 1.19e-12 | 2.76e-12 | 2.56e-12 | 2.23e-12 | 0 | 0 | 4.44e-16 | 200 | 0.0628 |  |
| harshaw | corr=0,d=5,phi=0.01 | 200 | chol | float32 | 2000 | 0 | 0.641 | 0.178 | 0.272 | 0.15 | 1 | 0.012 | 0.0086 | 0.01 | 181 | 0.000448 | 0.00136 | 0.00105 | 0.00113 | 0 | 0 | 2.38e-07 | 200 | 0.064 |  |
| harshaw | corr=0,d=5,phi=0.01 | 200 | chol | float16 | 2000 | 1 |  |  |  |  |  |  |  |  |  | 1.92 | 1.91 | 0.34 | 0.256 | 0.632 | 0 | 0.000977 | 188 | 0.0619 | breakdown:downdate:2000 |
| harshaw | corr=0,d=5,phi=0.01 | 200 | chol_rk10 | float64 | 2000 | 0 | 0.642 | 0.177 | 0.273 | 0.15 | 1 | 0.0137 | 0.00863 | 0 |  | 2.94e-13 | 4.29e-14 | 4.25e-14 | 1.61e-14 | 0 | 0 | 4.44e-16 | 200 | 0.067 |  |
| harshaw | corr=0,d=5,phi=0.01 | 200 | chol_rk10 | float32 | 2000 | 0 | 0.642 | 0.177 | 0.273 | 0.15 | 1 | 0.0149 | 0.00862 | 0.01 | 180 | 0.000178 | 1.56e-05 | 1.22e-05 | 1.02e-05 | 0 | 0 | 2.38e-07 | 200 | 0.0678 |  |
| harshaw | corr=0,d=5,phi=0.01 | 200 | chol_rk10 | float16 | 2000 | 0 | 2.7 | 0.355 | 1.22 | 0.152 | 5.31 | 0.0102 | 0.00704 | 1 | 161 | 1.22 | 0.122 | 0.0932 | 0.0812 | 0.771 | 0 | 0.00195 | 200 | 0.0714 |  |
| harshaw | corr=0,d=5,phi=0.01 | 200 | gs | float64 | 2000 | 0 | 0.642 | 0.177 | 0.273 | 0.15 | 1 | 0.0137 | 0.00863 | 0 |  | 6.39e-14 | 1.36e-13 | 2.59e-14 | 2.39e-13 | 0 | 0 | 4.44e-16 | 200 | 0.121 |  |
| harshaw | corr=0,d=5,phi=0.01 | 200 | gs | float32 | 2000 | 0 | 0.642 | 0.177 | 0.273 | 0.15 | 1 | 0.0129 | 0.00864 | 0.005 | 196 | 3.32e-05 | 0.000145 | 2.18e-05 | 0.000129 | 0 | 0 | 2.38e-07 | 200 | 0.0981 |  |
| harshaw | corr=0,d=5,phi=0.01 | 200 | gs | float16 | 2000 | 0 | 0.911 | 0.195 | 0.407 | 0.152 | 1.52 | 0.00726 | 0.00238 | 1 | 148 | 0.301 | 0.946 | 0.136 | 1.47 | 0.969 | 0.0135 | 0.00195 | 200 | 0.656 |  |
| harshaw | corr=0,d=5,phi=0.1 | 200 | lstsq | float64 | 200 | 0 | 0.594 | 0.495 | 0.274 | 0.427 | 1 | 0.0385 | 0.0249 | 0 |  | 5.99e-15 | 4.95e-15 | 7.77e-16 |  | 0 | 0 | 1.11e-16 | 200 | 3.67 |  |
| harshaw | corr=0,d=5,phi=0.1 | 200 | lstsq | float32 | 200 | 0 | 0.594 | 0.495 | 0.274 | 0.427 | 1 | 0.0385 | 0.0249 | 0 |  | 3.32e-07 | 5.74e-07 | 2.27e-07 |  | 0 | 0 | 1.19e-07 | 200 | 3.86 |  |
| harshaw | corr=0,d=5,phi=0.1 | 200 | lstsq | float16 | 200 | 0 | 0.678 | 0.496 | 0.301 | 0.43 | 1.14 | 0.0527 | 0.03 | 0.52 | 171 | 0.00291 | 0.00511 | 0.00153 |  | 0.46 | 0 | 0.000977 | 200 | 11.3 |  |
| harshaw | corr=0,d=5,phi=0.1 | 200 | chol | float64 | 2000 | 0 | 0.674 | 0.513 | 0.308 | 0.497 | 1 | 0.0129 | 0.00709 | 0 |  | 7.34e-14 | 1.27e-13 | 5.5e-14 | 2.27e-13 | 0 | 0 | 2.22e-16 | 200 | 0.0631 |  |
| harshaw | corr=0,d=5,phi=0.1 | 200 | chol | float32 | 2000 | 0 | 0.674 | 0.513 | 0.308 | 0.497 | 1 | 0.0129 | 0.00709 | 0 |  | 3.81e-05 | 7.39e-05 | 2.56e-05 | 0.00011 | 0 | 0 | 1.19e-07 | 200 | 0.064 |  |
| harshaw | corr=0,d=5,phi=0.1 | 200 | chol | float16 | 2000 | 1 |  |  |  |  |  |  |  |  |  | 11.2 | 9.03 | 0.408 | 0.274 | 0.557 | 0 | 0.00195 | 190 | 0.0624 | breakdown:downdate:2000 |
| harshaw | corr=0,d=5,phi=0.1 | 200 | chol_rk10 | float64 | 2000 | 0 | 0.674 | 0.513 | 0.308 | 0.497 | 1 | 0.0129 | 0.00709 | 0 |  | 2.67e-14 | 4.87e-15 | 4.44e-15 | 2.29e-15 | 0 | 0 | 2.22e-16 | 200 | 0.0669 |  |
| harshaw | corr=0,d=5,phi=0.1 | 200 | chol_rk10 | float32 | 2000 | 0 | 0.674 | 0.513 | 0.308 | 0.497 | 1 | 0.0129 | 0.00709 | 0 |  | 1.82e-05 | 1.4e-06 | 1.57e-06 | 8.78e-07 | 0 | 0 | 1.19e-07 | 200 | 0.0676 |  |
| harshaw | corr=0,d=5,phi=0.1 | 200 | chol_rk10 | float16 | 2000 | 0 | 0.719 | 0.513 | 0.332 | 0.51 | 1.23 | 0.0142 | 0.00712 | 0.975 | 172 | 0.11 | 0.00833 | 0.017 | 0.00807 | 0.527 | 0 | 0.000977 | 200 | 0.0713 |  |
| harshaw | corr=0,d=5,phi=0.1 | 200 | gs | float64 | 2000 | 0 | 0.674 | 0.513 | 0.308 | 0.497 | 1 | 0.0129 | 0.00709 | 0 |  | 6.72e-15 | 7.45e-15 | 3.33e-15 | 1.31e-14 | 0 | 0 | 2.22e-16 | 200 | 0.12 |  |
| harshaw | corr=0,d=5,phi=0.1 | 200 | gs | float32 | 2000 | 0 | 0.674 | 0.513 | 0.308 | 0.497 | 1 | 0.0129 | 0.00709 | 0 |  | 3.79e-06 | 3.58e-06 | 1.46e-06 | 6.75e-06 | 0 | 0 | 1.19e-07 | 200 | 0.0973 |  |
| harshaw | corr=0,d=5,phi=0.1 | 200 | gs | float16 | 2000 | 0 | 0.732 | 0.51 | 0.313 | 0.511 | 1.22 | 0.0166 | 0.00703 | 0.915 | 172 | 0.0358 | 0.0489 | 0.00702 | 0.0705 | 0.523 | 0.0055 | 0.000977 | 200 | 0.663 |  |
| harshaw | corr=0,d=5,phi=0.5 | 200 | lstsq | float64 | 200 | 0 | 1.19 | 1.1 | 0.54 | 1.16 | 1 | 0.12 | 0.0512 | 0 |  | 4.5e-15 | 2.14e-15 | 4.44e-16 |  | 0 | 0 | 1.11e-16 | 200 | 4.21 |  |
| harshaw | corr=0,d=5,phi=0.5 | 200 | lstsq | float32 | 200 | 0 | 1.19 | 1.1 | 0.54 | 1.16 | 1 | 0.12 | 0.0512 | 0 |  | 4.38e-07 | 2.19e-07 | 8.49e-08 |  | 0 | 0 | 5.96e-08 | 200 | 3.61 |  |
| harshaw | corr=0,d=5,phi=0.5 | 200 | lstsq | float16 | 200 | 0 | 1.2 | 1.1 | 0.542 | 1.17 | 1.01 | 0.129 | 0.0514 | 0.13 | 177 | 0.00559 | 0.00218 | 0.000581 |  | 0.09 | 0 | 0.000488 | 200 | 11.2 |  |
| harshaw | corr=0,d=5,phi=0.5 | 200 | chol | float64 | 2000 | 0 | 1.22 | 1.13 | 0.519 | 1.09 | 1 | 0.0276 | 0.0161 | 0 |  | 5.34e-15 | 3.64e-15 | 2.75e-15 | 1.84e-14 | 0 | 0 | 1.11e-16 | 200 | 0.0622 |  |
| harshaw | corr=0,d=5,phi=0.5 | 200 | chol | float32 | 2000 | 0 | 1.22 | 1.13 | 0.519 | 1.09 | 1 | 0.0276 | 0.0161 | 0 |  | 3.94e-06 | 2.8e-06 | 1.55e-06 | 1.31e-05 | 0 | 0 | 5.96e-08 | 200 | 0.0641 |  |
| harshaw | corr=0,d=5,phi=0.5 | 200 | chol | float16 | 2000 | 0 | 1.18 | 1.12 | 0.52 | 1.1 | 0.982 | 0.0329 | 0.0161 | 0.575 | 178 | 0.142 | 0.0753 | 0.0764 | 0.345 | 0.134 | 0 | 0.000488 | 200 | 0.0655 |  |
| harshaw | corr=0,d=5,phi=0.5 | 200 | chol_rk10 | float64 | 2000 | 0 | 1.22 | 1.13 | 0.519 | 1.09 | 1 | 0.0276 | 0.0161 | 0 |  | 5.12e-15 | 2.19e-15 | 3.33e-16 | 8.8e-16 | 0 | 0 | 1.11e-16 | 200 | 0.0669 |  |
| harshaw | corr=0,d=5,phi=0.5 | 200 | chol_rk10 | float32 | 2000 | 0 | 1.22 | 1.13 | 0.519 | 1.09 | 1 | 0.0276 | 0.0161 | 0 |  | 1.01e-06 | 1.24e-07 | 8.14e-08 | 5.32e-07 | 0 | 0 | 5.96e-08 | 200 | 0.0678 |  |
| harshaw | corr=0,d=5,phi=0.5 | 200 | chol_rk10 | float16 | 2000 | 0 | 1.21 | 1.12 | 0.518 | 1.09 | 1.02 | 0.0282 | 0.016 | 0.16 | 172 | 0.0122 | 0.0012 | 0.00079 | 0.00812 | 0.087 | 0 | 0.000488 | 200 | 0.0712 |  |
| harshaw | corr=0,d=5,phi=0.5 | 200 | gs | float64 | 2000 | 0 | 1.22 | 1.13 | 0.519 | 1.09 | 1 | 0.0276 | 0.0161 | 0 |  | 4.37e-15 | 2.21e-15 | 4.44e-16 | 1.56e-15 | 0 | 0 | 1.11e-16 | 200 | 0.234 |  |
| harshaw | corr=0,d=5,phi=0.5 | 200 | gs | float32 | 2000 | 0 | 1.22 | 1.13 | 0.519 | 1.09 | 1 | 0.0276 | 0.0161 | 0 |  | 5.23e-07 | 3.02e-07 | 1.59e-07 | 1.11e-06 | 0 | 0 | 5.96e-08 | 200 | 0.0985 |  |
| harshaw | corr=0,d=5,phi=0.5 | 200 | gs | float16 | 2000 | 0 | 1.21 | 1.13 | 0.517 | 1.08 | 0.993 | 0.028 | 0.016 | 0.165 | 175 | 0.00825 | 0.00343 | 0.000813 | 0.0111 | 0.103 | 0.001 | 0.000488 | 200 | 0.9 |  |
| harshaw | corr=0,d=50,phi=0.01 | 200 | lstsq | float64 | 200 | 0 | 0.809 | 0.337 | 0.356 | 0.17 | 1 | 0.0226 | 0.0127 | 0 |  | 4.83e-15 | 1.38e-14 | 7.55e-15 |  | 0 | 0 | 1.11e-16 | 200 | 4.28 |  |
| harshaw | corr=0,d=50,phi=0.01 | 200 | lstsq | float32 | 200 | 0 | 0.809 | 0.337 | 0.356 | 0.17 | 1 | 0.0226 | 0.0127 | 0 |  | 4.3e-07 | 1.1e-06 | 2e-06 |  | 0 | 0 | 1.19e-07 | 200 | 3.78 |  |
| harshaw | corr=0,d=50,phi=0.01 | 200 | lstsq | float16 | 200 | 0 | 0.806 | 0.344 | 0.369 | 0.168 | 0.997 | 0.0279 | 0.0369 | 1 | 62 | 0.00354 | 0.00882 | 0.0156 |  | 9.85 | 0 | 0.000977 | 196 | 13.4 |  |
| harshaw | corr=0,d=50,phi=0.01 | 200 | chol | float64 | 2000 | 0 | 0.838 | 0.358 | 0.383 | 0.18 | 1 | 0.0103 | 0.00522 | 0 |  | 2.73e-13 | 2.9e-13 | 7.03e-13 | 4.05e-13 | 0 | 0 | 2.22e-16 | 200 | 0.346 |  |
| harshaw | corr=0,d=50,phi=0.01 | 200 | chol | float32 | 2000 | 0 | 0.841 | 0.354 | 0.384 | 0.18 | 1 | 0.0112 | 0.00522 | 0.08 | 144 | 0.000146 | 0.000105 | 0.000484 | 0.000198 | 0.0015 | 0 | 1.19e-07 | 200 | 0.351 |  |
| harshaw | corr=0,d=50,phi=0.01 | 200 | chol | float16 | 2000 | 1 |  |  |  |  |  |  |  |  |  | 2.73 | 3.56 | 0.525 | 0.0345 | 5.95 | 0.0015 | 0.000977 | 134 | 0.333 | breakdown:downdate:2000 |
| harshaw | corr=0,d=50,phi=0.01 | 200 | chol_rk10 | float64 | 2000 | 0 | 0.838 | 0.358 | 0.383 | 0.18 | 1 | 0.0103 | 0.00522 | 0 |  | 1.43e-13 | 3.03e-14 | 1.07e-13 | 1.69e-15 | 0 | 0 | 2.22e-16 | 200 | 0.393 |  |
| harshaw | corr=0,d=50,phi=0.01 | 200 | chol_rk10 | float32 | 2000 | 0 | 0.842 | 0.357 | 0.386 | 0.18 | 1.01 | 0.0109 | 0.00524 | 0.075 | 144 | 9.31e-05 | 1.55e-05 | 8.19e-05 | 9e-07 | 0.001 | 0 | 1.19e-07 | 200 | 0.395 |  |
| harshaw | corr=0,d=50,phi=0.01 | 200 | chol_rk10 | float16 | 2000 | 0 | 1.25 | 0.449 | 0.537 | 0.178 | 1.42 | 0.0274 | 0.017 | 1 | 43 | 0.63 | 0.169 | 0.252 | 0.0589 | 9.96 | 0.001 | 0.000977 | 198 | 0.56 |  |
| harshaw | corr=0,d=50,phi=0.01 | 200 | gs | float64 | 2000 | 0 | 0.838 | 0.358 | 0.383 | 0.18 | 1 | 0.0103 | 0.00522 | 0 |  | 3.42e-14 | 4.38e-14 | 1.32e-13 | 1.43e-13 | 0 | 0 | 2.22e-16 | 200 | 0.125 |  |
| harshaw | corr=0,d=50,phi=0.01 | 200 | gs | float32 | 2000 | 0 | 0.838 | 0.358 | 0.383 | 0.179 | 1 | 0.0112 | 0.00522 | 0.025 | 152 | 1.69e-05 | 2.32e-05 | 1.88e-05 | 7.65e-05 | 0.0005 | 0 | 1.19e-07 | 200 | 0.0997 |  |
| harshaw | corr=0,d=50,phi=0.01 | 200 | gs | float16 | 2000 | 0 | 0.882 | 0.364 | 0.383 | 0.178 | 1.03 | 0.0117 | 0.0121 | 1 | 45 | 0.142 | 0.168 | 0.542 | 0.626 | 9.82 | 0.104 | 0.000977 | 200 | 0.514 |  |
| harshaw | corr=0,d=50,phi=0.1 | 200 | lstsq | float64 | 200 | 0 | 0.798 | 0.545 | 0.389 | 0.529 | 1 | 0.0691 | 0.0256 | 0 |  | 3.71e-15 | 1.83e-15 | 1.04e-14 |  | 0 | 0 | 1.11e-16 | 200 | 4.41 |  |
| harshaw | corr=0,d=50,phi=0.1 | 200 | lstsq | float32 | 200 | 0 | 0.792 | 0.545 | 0.384 | 0.53 | 0.992 | 0.0697 | 0.0256 | 0.01 | 133 | 3.65e-07 | 4.55e-07 | 1.39e-06 |  | 0.005 | 0 | 5.96e-08 | 200 | 3.73 |  |
| harshaw | corr=0,d=50,phi=0.1 | 200 | lstsq | float16 | 200 | 0 | 0.87 | 0.542 | 0.404 | 0.481 | 1.09 | 0.0695 | 0.0269 | 1 | 73 | 0.00323 | 0.00292 | 0.00596 |  | 6.25 | 0.005 | 0.000488 | 200 | 13.2 |  |
| harshaw | corr=0,d=50,phi=0.1 | 200 | chol | float64 | 2000 | 0 | 0.891 | 0.569 | 0.403 | 0.552 | 1 | 0.0181 | 0.00763 | 0 |  | 1.83e-14 | 1.57e-14 | 3.35e-14 | 3.65e-14 | 0 | 0 | 1.11e-16 | 200 | 0.345 |  |
| harshaw | corr=0,d=50,phi=0.1 | 200 | chol | float32 | 2000 | 0 | 0.891 | 0.569 | 0.402 | 0.552 | 0.994 | 0.0181 | 0.00762 | 0.02 | 134 | 1.01e-05 | 6.35e-06 | 1.07e-05 | 1.92e-05 | 0 | 0 | 1.19e-07 | 200 | 0.351 |  |
| harshaw | corr=0,d=50,phi=0.1 | 200 | chol | float16 | 2000 | 0.004 | 0.92 | 0.571 | 0.415 | 0.577 | 1.09 | 0.0146 | 0.00819 | 1 | 62 | 0.25 | 0.228 | 0.312 | 0.4 | 7.15 | 0 | 0.000977 | 199 | 0.419 | breakdown:downdate:8 |
| harshaw | corr=0,d=50,phi=0.1 | 200 | chol_rk10 | float64 | 2000 | 0 | 0.891 | 0.569 | 0.403 | 0.552 | 1 | 0.0181 | 0.00763 | 0 |  | 1.07e-14 | 2.13e-15 | 1.14e-14 | 1.06e-15 | 0 | 0 | 1.11e-16 | 200 | 0.39 |  |
| harshaw | corr=0,d=50,phi=0.1 | 200 | chol_rk10 | float32 | 2000 | 0 | 0.891 | 0.569 | 0.403 | 0.552 | 0.999 | 0.0186 | 0.00761 | 0.005 | 165 | 4.6e-06 | 9.72e-07 | 6.08e-06 | 6.09e-07 | 0 | 0 | 5.96e-08 | 200 | 0.393 |  |
| harshaw | corr=0,d=50,phi=0.1 | 200 | chol_rk10 | float16 | 2000 | 0 | 0.875 | 0.563 | 0.392 | 0.558 | 0.997 | 0.0215 | 0.0124 | 1 | 64 | 0.0392 | 0.0109 | 0.0317 | 0.00603 | 6.36 | 0.001 | 0.000488 | 200 | 0.557 |  |
| harshaw | corr=0,d=50,phi=0.1 | 200 | gs | float64 | 2000 | 0 | 0.891 | 0.569 | 0.403 | 0.552 | 1 | 0.0181 | 0.00763 | 0 |  | 3.9e-15 | 2.18e-15 | 8.22e-15 | 8.52e-15 | 0 | 0 | 1.11e-16 | 200 | 0.125 |  |
| harshaw | corr=0,d=50,phi=0.1 | 200 | gs | float32 | 2000 | 0 | 0.891 | 0.569 | 0.403 | 0.552 | 1 | 0.0181 | 0.00763 | 0 |  | 1.9e-06 | 1.1e-06 | 5.04e-06 | 4.23e-06 | 0 | 0 | 1.19e-07 | 200 | 0.1 |  |
| harshaw | corr=0,d=50,phi=0.1 | 200 | gs | float16 | 2000 | 0 | 0.872 | 0.577 | 0.381 | 0.539 | 1.08 | 0.0306 | 0.012 | 1 | 66 | 0.016 | 0.0108 | 0.521 | 0.0355 | 6.68 | 0.132 | 0.000977 | 200 | 0.513 |  |
| harshaw | corr=0,d=50,phi=0.5 | 200 | lstsq | float64 | 200 | 0 | 1.29 | 1.07 | 0.573 | 1.17 | 1 | 0.0869 | 0.0488 | 0 |  | 2.71e-15 | 9.85e-16 | 1.89e-15 |  | 0 | 0 | 1.11e-16 | 200 | 4.16 |  |
| harshaw | corr=0,d=50,phi=0.5 | 200 | lstsq | float32 | 200 | 0 | 1.29 | 1.07 | 0.573 | 1.17 | 1 | 0.0869 | 0.0488 | 0 |  | 4.11e-07 | 2.17e-07 | 2.16e-07 |  | 0 | 0 | 5.96e-08 | 200 | 3.76 |  |
| harshaw | corr=0,d=50,phi=0.5 | 200 | lstsq | float16 | 200 | 0 | 1.2 | 1.1 | 0.568 | 1.16 | 0.931 | 0.0775 | 0.0496 | 0.54 | 137 | 0.0036 | 0.00174 | 0.00186 |  | 0.565 | 0 | 0.000488 | 200 | 13.8 |  |
| harshaw | corr=0,d=50,phi=0.5 | 200 | chol | float64 | 2000 | 0 | 1.21 | 1.1 | 0.551 | 1.2 | 1 | 0.0306 | 0.015 | 0 |  | 2.71e-15 | 1.07e-15 | 5.44e-15 | 5.59e-15 | 0 | 0 | 1.11e-16 | 200 | 0.352 |  |
| harshaw | corr=0,d=50,phi=0.5 | 200 | chol | float32 | 2000 | 0 | 1.21 | 1.1 | 0.551 | 1.2 | 1 | 0.0306 | 0.015 | 0 |  | 9.56e-07 | 4.74e-07 | 2e-06 | 3.36e-06 | 0 | 0 | 5.96e-08 | 200 | 0.355 |  |
| harshaw | corr=0,d=50,phi=0.5 | 200 | chol | float16 | 2000 | 0 | 1.2 | 1.1 | 0.543 | 1.19 | 0.955 | 0.0339 | 0.0149 | 0.935 | 129 | 0.0194 | 0.012 | 0.022 | 0.0973 | 0.741 | 0.001 | 0.000488 | 200 | 0.431 |  |
| harshaw | corr=0,d=50,phi=0.5 | 200 | chol_rk10 | float64 | 2000 | 0 | 1.21 | 1.1 | 0.551 | 1.2 | 1 | 0.0306 | 0.015 | 0 |  | 2.66e-15 | 1.05e-15 | 2.11e-15 | 1.26e-15 | 0 | 0 | 1.11e-16 | 200 | 0.39 |  |
| harshaw | corr=0,d=50,phi=0.5 | 200 | chol_rk10 | float32 | 2000 | 0 | 1.21 | 1.1 | 0.551 | 1.2 | 1 | 0.0306 | 0.015 | 0 |  | 5.17e-07 | 1.12e-07 | 7.32e-07 | 6.2e-07 | 0 | 0 | 5.96e-08 | 200 | 0.391 |  |
| harshaw | corr=0,d=50,phi=0.5 | 200 | chol_rk10 | float16 | 2000 | 0 | 1.33 | 1.1 | 0.552 | 1.16 | 0.925 | 0.0281 | 0.0151 | 0.57 | 134 | 0.00528 | 0.00127 | 0.00464 | 0.00735 | 0.649 | 0 | 0.000488 | 200 | 0.574 |  |
| harshaw | corr=0,d=50,phi=0.5 | 200 | gs | float64 | 2000 | 0 | 1.21 | 1.1 | 0.551 | 1.2 | 1 | 0.0306 | 0.015 | 0 |  | 2.65e-15 | 9.78e-16 | 1.89e-15 | 1.37e-15 | 0 | 0 | 1.11e-16 | 200 | 0.125 |  |
| harshaw | corr=0,d=50,phi=0.5 | 200 | gs | float32 | 2000 | 0 | 1.21 | 1.1 | 0.551 | 1.2 | 1 | 0.0305 | 0.015 | 0 |  | 2.81e-07 | 2.35e-07 | 1.93e-07 | 1.31e-06 | 0 | 0 | 5.96e-08 | 200 | 0.101 |  |
| harshaw | corr=0,d=50,phi=0.5 | 200 | gs | float16 | 2000 | 0 | 1.21 | 1.11 | 0.548 | 1.18 | 0.934 | 0.0386 | 0.0152 | 0.585 | 141 | 0.0036 | 0.00199 | 0.00231 | 0.00749 | 0.675 | 0.0325 | 0.000488 | 200 | 0.674 |  |
| harshaw | corr=1,d=5,phi=0.01 | 200 | lstsq | float64 | 200 | 0 | 0.611 | 0.152 | 0.25 | 0.135 | 1 | 0.0281 | 0.0239 | 0 |  | 5.81e-15 | 1.52e-14 | 2.78e-16 |  | 0 | 0 | 2.22e-16 | 200 | 4.09 |  |
| harshaw | corr=1,d=5,phi=0.01 | 200 | lstsq | float32 | 200 | 0 | 0.611 | 0.152 | 0.25 | 0.135 | 1 | 0.0281 | 0.0239 | 0 |  | 5.28e-07 | 3.21e-06 | 8.56e-08 |  | 0 | 0 | 1.19e-07 | 200 | 3.63 |  |
| harshaw | corr=1,d=5,phi=0.01 | 200 | lstsq | float16 | 200 | 0 | 0.609 | 0.152 | 0.249 | 0.137 | 0.997 | 0.0325 | 0.0235 | 0.24 | 192 | 0.00259 | 0.0161 | 0.000972 |  | 0.125 | 0 | 0.000977 | 200 | 12.6 |  |
| harshaw | corr=1,d=5,phi=0.01 | 200 | chol | float64 | 2000 | 0 | 0.646 | 0.163 | 0.257 | 0.149 | 1 | 0.00525 | 0.00217 | 0 |  | 4.53e-13 | 5.71e-13 | 2.33e-13 | 1.87e-12 | 0 | 0 | 4.44e-16 | 200 | 0.0631 |  |
| harshaw | corr=1,d=5,phi=0.01 | 200 | chol | float32 | 2000 | 0 | 0.646 | 0.163 | 0.257 | 0.149 | 0.996 | 0.00524 | 0.00217 | 0.03 | 192 | 0.000418 | 0.00294 | 6.17e-05 | 0.00148 | 0 | 0 | 2.38e-07 | 200 | 0.0642 |  |
| harshaw | corr=1,d=5,phi=0.01 | 200 | chol | float16 | 2000 | 1 |  |  |  |  |  |  |  |  |  | 18.8 | 2.89 | 0.842 | 0.126 | 3.67 | 0.0005 | 0.000977 | 177 | 0.0562 | breakdown:downdate:1999;nonfinite_u:1 |
| harshaw | corr=1,d=5,phi=0.01 | 200 | chol_rk10 | float64 | 2000 | 0 | 0.646 | 0.163 | 0.257 | 0.149 | 1 | 0.00525 | 0.00217 | 0 |  | 5.61e-13 | 1.25e-13 | 1.1e-14 | 1.96e-14 | 0 | 0 | 4.44e-16 | 200 | 0.067 |  |
| harshaw | corr=1,d=5,phi=0.01 | 200 | chol_rk10 | float32 | 2000 | 0 | 0.649 | 0.163 | 0.259 | 0.149 | 0.996 | 0.00533 | 0.00217 | 0.015 | 195 | 0.000204 | 6.98e-05 | 5.84e-06 | 1.36e-05 | 0 | 0 | 2.38e-07 | 200 | 0.0674 |  |
| harshaw | corr=1,d=5,phi=0.01 | 200 | chol_rk10 | float16 | 2000 | 0.0005 | 6.72 | 0.345 | 3.06 | 0.148 | 10.7 | 0.0651 | 0.0968 | 0.97 | 76 | 3.74 | 0.628 | 0.463 | 0.051 | 1.98 | 0.001 | 0.00195 | 200 | 0.0749 | breakdown:cholesky:1 |
| harshaw | corr=1,d=5,phi=0.01 | 200 | gs | float64 | 2000 | 0 | 0.646 | 0.163 | 0.257 | 0.149 | 1 | 0.00525 | 0.00217 | 0 |  | 6.96e-14 | 6.81e-14 | 3e-15 | 3.38e-13 | 0 | 0 | 4.44e-16 | 200 | 0.122 |  |
| harshaw | corr=1,d=5,phi=0.01 | 200 | gs | float32 | 2000 | 0 | 0.646 | 0.163 | 0.257 | 0.149 | 1 | 0.00527 | 0.00217 | 0 |  | 4.1e-05 | 8.06e-05 | 2.63e-06 | 0.00016 | 0 | 0 | 2.38e-07 | 200 | 0.0992 |  |
| harshaw | corr=1,d=5,phi=0.01 | 200 | gs | float16 | 2000 | 0 | 1.19 | 0.169 | 0.518 | 0.148 | 1.86 | 0.00449 | 0.00221 | 0.925 | 179 | 0.377 | 0.949 | 0.101 | 1.17 | 0.253 | 0.0055 | 0.00146 | 200 | 0.774 |  |
| harshaw | corr=1,d=5,phi=0.1 | 200 | lstsq | float64 | 200 | 0 | 0.624 | 0.486 | 0.27 | 0.453 | 1 | 0.0406 | 0.0222 | 0 |  | 2.74e-15 | 3.86e-15 | 6.66e-16 |  | 0 | 0 | 2.22e-16 | 200 | 3.99 |  |
| harshaw | corr=1,d=5,phi=0.1 | 200 | lstsq | float32 | 200 | 0 | 0.624 | 0.486 | 0.27 | 0.453 | 1 | 0.0406 | 0.0222 | 0 |  | 4.43e-07 | 6.38e-07 | 8.47e-08 |  | 0 | 0 | 5.96e-08 | 200 | 3.62 |  |
| harshaw | corr=1,d=5,phi=0.1 | 200 | lstsq | float16 | 200 | 0 | 0.62 | 0.486 | 0.259 | 0.458 | 0.994 | 0.0423 | 0.0222 | 0.13 | 188 | 0.00366 | 0.00795 | 0.000544 |  | 0.055 | 0 | 0.000977 | 200 | 12.4 |  |
| harshaw | corr=1,d=5,phi=0.1 | 200 | chol | float64 | 2000 | 0 | 0.617 | 0.507 | 0.279 | 0.506 | 1 | 0.0144 | 0.00698 | 0 |  | 3.33e-14 | 6.11e-14 | 1.65e-14 | 2.27e-13 | 0 | 0 | 2.22e-16 | 200 | 0.0631 |  |
| harshaw | corr=1,d=5,phi=0.1 | 200 | chol | float32 | 2000 | 0 | 0.617 | 0.507 | 0.279 | 0.506 | 1 | 0.0144 | 0.00698 | 0 |  | 2.56e-05 | 5.38e-05 | 1.67e-05 | 7.68e-05 | 0 | 0 | 1.19e-07 | 200 | 0.064 |  |
| harshaw | corr=1,d=5,phi=0.1 | 200 | chol | float16 | 2000 | 1 |  |  |  |  |  |  |  |  |  | 2.48 | 0.994 | 0.247 | 0.62 | 0.144 | 0 | 0.000977 | 199 | 0.0643 | breakdown:downdate:2000 |
| harshaw | corr=1,d=5,phi=0.1 | 200 | chol_rk10 | float64 | 2000 | 0 | 0.617 | 0.507 | 0.279 | 0.506 | 1 | 0.0144 | 0.00698 | 0 |  | 3.25e-14 | 4.05e-15 | 8.88e-16 | 1.96e-15 | 0 | 0 | 2.22e-16 | 200 | 0.0668 |  |
| harshaw | corr=1,d=5,phi=0.1 | 200 | chol_rk10 | float32 | 2000 | 0 | 0.617 | 0.507 | 0.279 | 0.506 | 1 | 0.0144 | 0.00698 | 0 |  | 1.77e-05 | 1.95e-06 | 3.82e-07 | 7.36e-07 | 0 | 0 | 1.19e-07 | 200 | 0.0677 |  |
| harshaw | corr=1,d=5,phi=0.1 | 200 | chol_rk10 | float16 | 2000 | 0 | 0.784 | 0.51 | 0.347 | 0.508 | 1.18 | 0.015 | 0.00695 | 0.545 | 192 | 0.154 | 0.0243 | 0.0016 | 0.00686 | 0.0675 | 0 | 0.000977 | 200 | 0.0718 |  |
| harshaw | corr=1,d=5,phi=0.1 | 200 | gs | float64 | 2000 | 0 | 0.617 | 0.507 | 0.279 | 0.506 | 1 | 0.0144 | 0.00698 | 0 |  | 6.1e-15 | 4.77e-15 | 1.22e-15 | 9.32e-15 | 0 | 0 | 2.22e-16 | 200 | 0.121 |  |
| harshaw | corr=1,d=5,phi=0.1 | 200 | gs | float32 | 2000 | 0 | 0.617 | 0.507 | 0.279 | 0.506 | 1 | 0.0144 | 0.00698 | 0 |  | 4.57e-06 | 3.95e-06 | 5.44e-07 | 5.65e-06 | 0 | 0 | 1.19e-07 | 200 | 0.0976 |  |
| harshaw | corr=1,d=5,phi=0.1 | 200 | gs | float16 | 2000 | 0 | 0.622 | 0.508 | 0.278 | 0.502 | 0.996 | 0.0142 | 0.00699 | 0.38 | 193 | 0.0446 | 0.0563 | 0.00196 | 0.0828 | 0.0635 | 0.0005 | 0.000977 | 200 | 1.05 |  |
| harshaw | corr=1,d=5,phi=0.5 | 200 | lstsq | float64 | 200 | 0 | 1.15 | 1.06 | 0.528 | 1.15 | 1 | 0.141 | 0.0479 | 0 |  | 3.89e-15 | 2.83e-15 | 0 |  | 0 | 0 | 1.11e-16 | 200 | 3.95 |  |
| harshaw | corr=1,d=5,phi=0.5 | 200 | lstsq | float32 | 200 | 0 | 1.15 | 1.06 | 0.528 | 1.15 | 1 | 0.141 | 0.0479 | 0 |  | 9.97e-07 | 3.29e-07 | 2.98e-08 |  | 0 | 0 | 5.96e-08 | 200 | 3.78 |  |
| harshaw | corr=1,d=5,phi=0.5 | 200 | lstsq | float16 | 200 | 0 | 1.15 | 1.06 | 0.531 | 1.15 | 1.01 | 0.145 | 0.0477 | 0.025 | 187 | 0.00913 | 0.00345 | 0.000244 |  | 0.015 | 0 | 0.000488 | 200 | 12.2 |  |
| harshaw | corr=1,d=5,phi=0.5 | 200 | chol | float64 | 2000 | 0 | 1.18 | 1.11 | 0.515 | 1.12 | 1 | 0.0276 | 0.0155 | 0 |  | 6.03e-15 | 5.13e-15 | 0 | 1.51e-14 | 0 | 0 | 1.11e-16 | 200 | 0.0631 |  |
| harshaw | corr=1,d=5,phi=0.5 | 200 | chol | float32 | 2000 | 0 | 1.18 | 1.11 | 0.515 | 1.12 | 1 | 0.0276 | 0.0155 | 0 |  | 2.78e-06 | 1.68e-06 | 2.98e-08 | 8.78e-06 | 0 | 0 | 5.96e-08 | 200 | 0.0638 |  |
| harshaw | corr=1,d=5,phi=0.5 | 200 | chol | float16 | 2000 | 0 | 1.18 | 1.12 | 0.55 | 1.12 | 0.997 | 0.0261 | 0.0155 | 0.055 | 186 | 0.049 | 0.0316 | 0.00931 | 0.19 | 0.0105 | 0 | 0.000488 | 200 | 0.0669 |  |
| harshaw | corr=1,d=5,phi=0.5 | 200 | chol_rk10 | float64 | 2000 | 0 | 1.18 | 1.11 | 0.515 | 1.12 | 1 | 0.0276 | 0.0155 | 0 |  | 3.8e-15 | 2.82e-15 | 0 | 9.17e-16 | 0 | 0 | 1.11e-16 | 200 | 0.0668 |  |
| harshaw | corr=1,d=5,phi=0.5 | 200 | chol_rk10 | float32 | 2000 | 0 | 1.18 | 1.11 | 0.515 | 1.12 | 1 | 0.0276 | 0.0155 | 0 |  | 1.45e-06 | 1.09e-07 | 2.98e-08 | 4.64e-07 | 0 | 0 | 5.96e-08 | 200 | 0.0678 |  |
| harshaw | corr=1,d=5,phi=0.5 | 200 | chol_rk10 | float16 | 2000 | 0 | 1.18 | 1.11 | 0.515 | 1.12 | 1 | 0.0266 | 0.0155 | 0.01 | 186 | 0.013 | 0.000989 | 0.000244 | 0.00649 | 0.0185 | 0 | 0.000488 | 200 | 0.0718 |  |
| harshaw | corr=1,d=5,phi=0.5 | 200 | gs | float64 | 2000 | 0 | 1.18 | 1.11 | 0.515 | 1.12 | 1 | 0.0276 | 0.0155 | 0 |  | 3.8e-15 | 2.81e-15 | 0 | 2.22e-15 | 0 | 0 | 1.11e-16 | 200 | 0.123 |  |
| harshaw | corr=1,d=5,phi=0.5 | 200 | gs | float32 | 2000 | 0 | 1.18 | 1.11 | 0.515 | 1.12 | 1 | 0.0276 | 0.0155 | 0 |  | 6.32e-07 | 2.61e-07 | 2.98e-08 | 8.98e-07 | 0 | 0 | 5.96e-08 | 200 | 0.0968 |  |
| harshaw | corr=1,d=5,phi=0.5 | 200 | gs | float16 | 2000 | 0 | 1.19 | 1.12 | 0.514 | 1.12 | 1 | 0.028 | 0.0156 | 0.005 | 184 | 0.0173 | 0.0048 | 0.000244 | 0.0105 | 0.0155 | 0 | 0.000488 | 200 | 1.37 |  |
| harshaw | corr=1,d=50,phi=0.01 | 200 | lstsq | float64 | 200 | 0 | 0.646 | 0.18 | 0.297 | 0.158 | 1 | 0.0246 | 0.00783 | 0 |  | 6.12e-15 | 1.87e-14 | 6.7e-14 |  | 0 | 0 | 2.22e-16 | 200 | 4.39 |  |
| harshaw | corr=1,d=50,phi=0.01 | 200 | lstsq | float32 | 200 | 0 | 0.646 | 0.18 | 0.297 | 0.158 | 1 | 0.0246 | 0.00783 | 0 |  | 3.1e-07 | 1.01e-06 | 2.97e-06 |  | 0 | 0 | 1.19e-07 | 200 | 3.79 |  |
| harshaw | corr=1,d=50,phi=0.01 | 200 | lstsq | float16 | 200 | 0 | 0.721 | 0.185 | 0.319 | 0.151 | 1.12 | 0.0423 | 0.0319 | 0.965 | 132 | 0.00341 | 0.00956 | 0.0108 |  | 2.52 | 0 | 0.000977 | 200 | 16.2 |  |
| harshaw | corr=1,d=50,phi=0.01 | 200 | chol | float64 | 2000 | 0 | 0.703 | 0.185 | 0.307 | 0.152 | 1 | 0.0173 | 0.00969 | 0 |  | 5.53e-13 | 1.21e-12 | 1.95e-13 | 5.01e-13 | 0 | 0 | 4.44e-16 | 200 | 0.347 |  |
| harshaw | corr=1,d=50,phi=0.01 | 200 | chol | float32 | 2000 | 0 | 0.693 | 0.183 | 0.306 | 0.153 | 1 | 0.0186 | 0.00967 | 0.085 | 168 | 0.000444 | 0.00138 | 0.0015 | 0.000379 | 0.0005 | 0 | 2.38e-07 | 200 | 0.352 |  |
| harshaw | corr=1,d=50,phi=0.01 | 200 | chol | float16 | 2000 | 1 |  |  |  |  |  |  |  |  |  | 8.45 | 5.35 | 0.537 | 0.155 | 7.94 | 0.0035 | 0.000977 | 176 | 0.428 | breakdown:downdate:2000 |
| harshaw | corr=1,d=50,phi=0.01 | 200 | chol_rk10 | float64 | 2000 | 0 | 0.703 | 0.185 | 0.307 | 0.152 | 1 | 0.0173 | 0.00969 | 0 |  | 4.39e-13 | 1.1e-13 | 3.04e-13 | 6.6e-15 | 0 | 0 | 4.44e-16 | 200 | 0.392 |  |
| harshaw | corr=1,d=50,phi=0.01 | 200 | chol_rk10 | float32 | 2000 | 0 | 0.691 | 0.183 | 0.304 | 0.152 | 1.01 | 0.0185 | 0.00961 | 0.085 | 170 | 0.000236 | 7.47e-05 | 0.000518 | 2.78e-06 | 0.0005 | 0 | 1.79e-07 | 200 | 0.395 |  |
| harshaw | corr=1,d=50,phi=0.01 | 200 | chol_rk10 | float16 | 2000 | 0 | 4.09 | 0.497 | 1.81 | 0.151 | 6.13 | 0.0196 | 0.0574 | 1 | 23 | 2.16 | 0.702 | 0.518 | 0.0362 | 8.65 | 0.003 | 0.00146 | 199 | 0.626 |  |
| harshaw | corr=1,d=50,phi=0.01 | 200 | gs | float64 | 2000 | 0 | 0.703 | 0.185 | 0.307 | 0.152 | 1 | 0.0173 | 0.00969 | 0 |  | 8.38e-14 | 1.07e-13 | 2.47e-13 | 1.98e-13 | 0 | 0 | 4.44e-16 | 200 | 0.125 |  |
| harshaw | corr=1,d=50,phi=0.01 | 200 | gs | float32 | 2000 | 0 | 0.704 | 0.185 | 0.307 | 0.152 | 1.01 | 0.02 | 0.00971 | 0.02 | 130 | 4e-05 | 0.000106 | 2.98e-05 | 0.000101 | 0 | 0 | 1.19e-07 | 200 | 0.0987 |  |
| harshaw | corr=1,d=50,phi=0.01 | 200 | gs | float16 | 2000 | 0 | 1.07 | 0.203 | 0.46 | 0.15 | 1.77 | 0.0173 | 0.0145 | 1 | 102 | 0.266 | 0.554 | 1 | 0.878 | 2.88 | 0.0475 | 0.00195 | 200 | 0.61 |  |
| harshaw | corr=1,d=50,phi=0.1 | 200 | lstsq | float64 | 200 | 0 | 0.742 | 0.448 | 0.34 | 0.451 | 1 | 0.0682 | 0.0337 | 0 |  | 5.33e-15 | 4.32e-15 | 3.55e-15 |  | 0 | 0 | 1.11e-16 | 200 | 4.35 |  |
| harshaw | corr=1,d=50,phi=0.1 | 200 | lstsq | float32 | 200 | 0 | 0.742 | 0.448 | 0.34 | 0.451 | 1 | 0.0682 | 0.0337 | 0 |  | 3.34e-07 | 5.82e-07 | 2.39e-07 |  | 0 | 0 | 5.96e-08 | 200 | 3.77 |  |
| harshaw | corr=1,d=50,phi=0.1 | 200 | lstsq | float16 | 200 | 0 | 0.688 | 0.455 | 0.317 | 0.478 | 0.928 | 0.0403 | 0.0201 | 0.695 | 159 | 0.0023 | 0.00458 | 0.00387 |  | 0.98 | 0 | 0.000977 | 200 | 15.2 |  |
| harshaw | corr=1,d=50,phi=0.1 | 200 | chol | float64 | 2000 | 0 | 0.677 | 0.468 | 0.315 | 0.497 | 1 | 0.0172 | 0.00995 | 0 |  | 4.36e-14 | 6.42e-14 | 3.01e-14 | 4.39e-14 | 0 | 0 | 1.11e-16 | 200 | 0.346 |  |
| harshaw | corr=1,d=50,phi=0.1 | 200 | chol | float32 | 2000 | 0 | 0.677 | 0.468 | 0.315 | 0.498 | 1 | 0.0171 | 0.00997 | 0 |  | 2.24e-05 | 3.02e-05 | 1.52e-05 | 2.55e-05 | 0 | 0 | 2.38e-07 | 200 | 0.352 |  |
| harshaw | corr=1,d=50,phi=0.1 | 200 | chol | float16 | 2000 | 0 | 0.937 | 0.481 | 0.423 | 0.494 | 1.28 | 0.0135 | 0.00715 | 1 | 147 | 0.186 | 0.26 | 0.121 | 0.524 | 0.8 | 0 | 0.000977 | 200 | 0.44 |  |
| harshaw | corr=1,d=50,phi=0.1 | 200 | chol_rk10 | float64 | 2000 | 0 | 0.677 | 0.468 | 0.315 | 0.497 | 1 | 0.0172 | 0.00995 | 0 |  | 4.36e-14 | 4.13e-15 | 2.89e-15 | 1.43e-15 | 0 | 0 | 2.22e-16 | 200 | 0.391 |  |
| harshaw | corr=1,d=50,phi=0.1 | 200 | chol_rk10 | float32 | 2000 | 0 | 0.677 | 0.468 | 0.315 | 0.497 | 1 | 0.0173 | 0.00995 | 0 |  | 1.68e-05 | 1.57e-06 | 1.56e-06 | 6.1e-07 | 0 | 0 | 1.19e-07 | 200 | 0.393 |  |
| harshaw | corr=1,d=50,phi=0.1 | 200 | chol_rk10 | float16 | 2000 | 0 | 0.811 | 0.478 | 0.356 | 0.501 | 1.06 | 0.0125 | 0.00663 | 0.99 | 148 | 0.198 | 0.0159 | 0.00814 | 0.00689 | 0.898 | 0.001 | 0.000488 | 200 | 0.597 |  |
| harshaw | corr=1,d=50,phi=0.1 | 200 | gs | float64 | 2000 | 0 | 0.677 | 0.468 | 0.315 | 0.497 | 1 | 0.0172 | 0.00995 | 0 |  | 5.34e-15 | 6.06e-15 | 3e-15 | 9.3e-15 | 0 | 0 | 4.44e-16 | 200 | 0.126 |  |
| harshaw | corr=1,d=50,phi=0.1 | 200 | gs | float32 | 2000 | 0 | 0.677 | 0.468 | 0.315 | 0.497 | 1 | 0.0172 | 0.00995 | 0 |  | 3.55e-06 | 3.41e-06 | 6.34e-07 | 4.35e-06 | 0 | 0 | 1.19e-07 | 200 | 0.101 |  |
| harshaw | corr=1,d=50,phi=0.1 | 200 | gs | float16 | 2000 | 0 | 0.735 | 0.477 | 0.321 | 0.49 | 0.969 | 0.0126 | 0.00676 | 0.92 | 153 | 0.0226 | 0.034 | 0.00497 | 0.0419 | 0.895 | 0.024 | 0.000977 | 200 | 0.608 |  |
| harshaw | corr=1,d=50,phi=0.5 | 200 | lstsq | float64 | 200 | 0 | 1.09 | 1.01 | 0.518 | 1.01 | 1 | 0.0821 | 0.0482 | 0 |  | 3.96e-15 | 1.35e-15 | 9.99e-16 |  | 0 | 0 | 1.11e-16 | 200 | 4.26 |  |
| harshaw | corr=1,d=50,phi=0.5 | 200 | lstsq | float32 | 200 | 0 | 1.09 | 1.01 | 0.518 | 1.01 | 1 | 0.0821 | 0.0482 | 0 |  | 4.82e-07 | 2.85e-07 | 5.74e-08 |  | 0 | 0 | 5.96e-08 | 200 | 3.8 |  |
| harshaw | corr=1,d=50,phi=0.5 | 200 | lstsq | float16 | 200 | 0 | 1.15 | 1.01 | 0.512 | 1.03 | 1.06 | 0.0853 | 0.0482 | 0.135 | 178 | 0.00452 | 0.00263 | 0.000713 |  | 0.095 | 0 | 0.000488 | 200 | 15.3 |  |
| harshaw | corr=1,d=50,phi=0.5 | 200 | chol | float64 | 2000 | 0 | 1.16 | 1.03 | 0.526 | 1.06 | 1 | 0.0217 | 0.0141 | 0 |  | 4.22e-15 | 2.37e-15 | 1.55e-15 | 5.57e-15 | 0 | 0 | 1.11e-16 | 200 | 0.345 |  |
| harshaw | corr=1,d=50,phi=0.5 | 200 | chol | float32 | 2000 | 0 | 1.16 | 1.03 | 0.526 | 1.06 | 1 | 0.0217 | 0.0141 | 0 |  | 2.36e-06 | 1.55e-06 | 1.72e-06 | 4.02e-06 | 0 | 0 | 5.96e-08 | 200 | 0.35 |  |
| harshaw | corr=1,d=50,phi=0.5 | 200 | chol | float16 | 2000 | 0 | 1.31 | 1.03 | 0.592 | 1.06 | 1.14 | 0.0216 | 0.0142 | 0.33 | 180 | 0.0575 | 0.0374 | 0.0399 | 0.121 | 0.106 | 0 | 0.000488 | 200 | 0.443 |  |
| harshaw | corr=1,d=50,phi=0.5 | 200 | chol_rk10 | float64 | 2000 | 0 | 1.16 | 1.03 | 0.526 | 1.06 | 1 | 0.0217 | 0.0141 | 0 |  | 3.93e-15 | 1.35e-15 | 8.88e-16 | 1.04e-15 | 0 | 0 | 1.11e-16 | 200 | 0.39 |  |
| harshaw | corr=1,d=50,phi=0.5 | 200 | chol_rk10 | float32 | 2000 | 0 | 1.16 | 1.03 | 0.526 | 1.06 | 1 | 0.0217 | 0.0141 | 0 |  | 1.02e-06 | 1.26e-07 | 7.48e-08 | 4.56e-07 | 0 | 0 | 5.96e-08 | 200 | 0.392 |  |
| harshaw | corr=1,d=50,phi=0.5 | 200 | chol_rk10 | float16 | 2000 | 0 | 1.16 | 1.03 | 0.525 | 1.06 | 1.03 | 0.0201 | 0.014 | 0.16 | 176 | 0.00885 | 0.000971 | 0.00102 | 0.00926 | 0.115 | 0 | 0.000488 | 200 | 0.597 |  |
| harshaw | corr=1,d=50,phi=0.5 | 200 | gs | float64 | 2000 | 0 | 1.16 | 1.03 | 0.526 | 1.06 | 1 | 0.0217 | 0.0141 | 0 |  | 3.93e-15 | 1.26e-15 | 6.66e-16 | 1.86e-15 | 0 | 0 | 1.11e-16 | 200 | 0.125 |  |
| harshaw | corr=1,d=50,phi=0.5 | 200 | gs | float32 | 2000 | 0 | 1.16 | 1.03 | 0.526 | 1.06 | 1 | 0.0217 | 0.0141 | 0 |  | 4.94e-07 | 2.38e-07 | 1.66e-07 | 7.82e-07 | 0 | 0 | 5.96e-08 | 200 | 0.101 |  |
| harshaw | corr=1,d=50,phi=0.5 | 200 | gs | float16 | 2000 | 0 | 1.16 | 1.03 | 0.521 | 1.06 | 0.971 | 0.0217 | 0.014 | 0.135 | 175 | 0.00601 | 0.00388 | 0.0014 | 0.0108 | 0.107 | 0.0005 | 0.000488 | 200 | 0.817 |  |
| gaussian |  | 500 | lstsq | float64 | 10 | 0 | 0.94 | 0.68 | 0.468 | 0.00214 | 1 | 0.274 | 0.179 | 0 |  |  |  |  |  | 0 | 0 | 1.11e-16 | 500 | 114 |  |
| gaussian |  | 500 | lstsq | float32 | 10 | 0 | 0.94 | 0.68 | 0.468 | 0.00214 | 1 | 0.274 | 0.179 | 0 |  |  |  |  |  | 0 | 0 | 5.96e-08 | 500 | 61 |  |
| gaussian |  | 500 | lstsq | float16 | 10 | 0 | 1.35 | 0.62 | 0.579 | 0.00202 | 1.43 | 0.463 | 0.165 | 1 | 3 |  |  |  |  | 67.2 | 0 | 0.000488 | 439 | 318 |  |
| gaussian |  | 500 | gs | float64 | 1000 | 0 | 1.07 | 0.776 | 0.476 | 0.00207 | 1 | 0.0403 | 0.0148 | 0 |  |  |  |  |  | 0 | 0 | 1.11e-16 | 500 | 9.12 |  |
| gaussian |  | 500 | gs | float32 | 1000 | 0 | 1.11 | 0.776 | 0.457 | 0.00207 | 0.998 | 0.0452 | 0.0152 | 0.5 | 79 |  |  |  |  | 0.013 | 0 | 5.96e-08 | 500 | 2.98 |  |
| gaussian |  | 500 | gs | float16 | 100 | 0 | 1.38 | 0.754 | 0.563 | 0.00114 | 1.02 | 0.115 | 0.0526 | 1 | 0 |  |  |  |  | 65.4 | 1.18 | 0.000488 | 500 | 7.05 |  |
| conditioned | kappa=1 | 500 | lstsq | float64 | 10 | 0 | 2.11 | 1.25 | 1.02 | 1.01 | 1 | 0.683 | 0.422 | 0 |  |  |  |  |  | 0 | 0 | 1.11e-16 | 500 | 162 |  |
| conditioned | kappa=1 | 500 | lstsq | float32 | 10 | 0 | 2.11 | 1.25 | 1.02 | 1.01 | 1 | 0.683 | 0.422 | 0 |  |  |  |  |  | 0 | 0 | 5.96e-08 | 500 | 76.2 |  |
| conditioned | kappa=1 | 500 | lstsq | float16 | 10 | 0 | 2.11 | 1.24 | 1.02 | 1.01 | 0.996 | 0.666 | 0.421 | 0 |  |  |  |  |  | 0 | 0 | 0.000488 | 500 | 395 |  |
| conditioned | kappa=1 | 500 | gs | float64 | 1000 | 0 | 1.73 | 1.58 | 0.735 | 1.66 | 1 | 0.0592 | 0.0328 | 0 |  |  |  |  |  | 0 | 0 | 1.11e-16 | 500 | 9.54 |  |
| conditioned | kappa=1 | 500 | gs | float32 | 1000 | 0 | 1.73 | 1.58 | 0.735 | 1.66 | 1 | 0.0592 | 0.0328 | 0 |  |  |  |  |  | 0 | 0 | 5.96e-08 | 500 | 2.96 |  |
| conditioned | kappa=1 | 500 | gs | float16 | 100 | 0 | 1.81 | 1.51 | 0.793 | 1.53 | 1 | 0.196 | 0.0916 | 0 |  |  |  |  |  | 0 | 0 | 0.000488 | 500 | 20.8 |  |
| conditioned | kappa=100 | 500 | lstsq | float64 | 10 | 0 | 0.867 | 0.343 | 0.459 | 0.105 | 1 | 0.382 | 0.175 | 0 |  |  |  |  |  | 0 | 0 | 1.11e-16 | 500 | 213 |  |
| conditioned | kappa=100 | 500 | lstsq | float32 | 10 | 0 | 0.867 | 0.343 | 0.459 | 0.105 | 1 | 0.382 | 0.175 | 0 |  |  |  |  |  | 0 | 0 | 5.96e-08 | 500 | 113 |  |
| conditioned | kappa=100 | 500 | lstsq | float16 | 10 | 0 | 0.702 | 0.367 | 0.304 | 0.0804 | 0.81 | 0.135 | 0.0826 | 1 | 18 |  |  |  |  | 70.5 | 0 | 0.000488 | 438 | 347 |  |
| conditioned | kappa=100 | 500 | gs | float64 | 1000 | 0 | 0.94 | 0.463 | 0.412 | 0.0949 | 1 | 0.0261 | 0.0184 | 0 |  |  |  |  |  | 0 | 0 | 1.11e-16 | 500 | 9.55 |  |
| conditioned | kappa=100 | 500 | gs | float32 | 1000 | 0 | 0.944 | 0.461 | 0.416 | 0.0953 | 1.12 | 0.0273 | 0.0186 | 0.4 | 153 |  |  |  |  | 0.01 | 0 | 5.96e-08 | 500 | 2.9 |  |
| conditioned | kappa=100 | 500 | gs | float16 | 100 | 1 |  |  |  |  |  |  |  |  |  |  |  |  |  | 0 | 0 | 0 | 0 | 1.04 | breakdown:cholesky:100 |
| conditioned | kappa=10000 | 500 | lstsq | float64 | 10 | 0 | 0.617 | 0.252 | 0.306 | 0.00141 | 1 | 0.268 | 0.113 | 0 |  |  |  |  |  | 0 | 0 | 1.11e-16 | 500 | 236 |  |
| conditioned | kappa=10000 | 500 | lstsq | float32 | 10 | 0 | 0.608 | 0.244 | 0.293 | 0.00141 | 0.985 | 0.336 | 0.0808 | 0.2 | 52.5 |  |  |  |  | 0 | 0 | 5.96e-08 | 500 | 130 |  |
| conditioned | kappa=10000 | 500 | lstsq | float16 | 10 | 0 | 0.637 | 0.245 | 0.34 | 0.00109 | 1.03 | 0.361 | 0.106 | 1 | 0 |  |  |  |  | 96.7 | 0 | 0.000488 | 413 | 401 |  |
| conditioned | kappa=10000 | 500 | gs | float64 | 1000 | 0 | 0.79 | 0.289 | 0.366 | 0.00144 | 1 | 0.00971 | 0.00531 | 0 |  |  |  |  |  | 0 | 0 | 2.22e-16 | 500 | 9.66 |  |
| conditioned | kappa=10000 | 500 | gs | float32 | 1000 | 0 | 0.873 | 0.292 | 0.38 | 0.00162 | 1.34 | 0.00789 | 0.00626 | 1 | 0 |  |  |  |  | 0.016 | 0 | 1.79e-07 | 500 | 2.95 |  |
| conditioned | kappa=10000 | 500 | gs | float16 | 100 | 1 |  |  |  |  |  |  |  |  |  |  |  |  |  | 0 | 0 | 0 | 0 | 0.814 | breakdown:cholesky:100 |
| conditioned | kappa=1e+06 | 500 | lstsq | float64 | 10 | 0 | 0.728 | 0.202 | 0.347 | 1.66e-05 | 1 | 0.108 | 0.0255 | 0 |  |  |  |  |  | 0 | 0 | 1.11e-16 | 500 | 262 |  |
| conditioned | kappa=1e+06 | 500 | lstsq | float32 | 10 | 0 | 0.797 | 0.188 | 0.384 | 2.02e-05 | 1.1 | 0.228 | 0.164 | 1 | 16 |  |  |  |  | 0 | 0 | 5.96e-08 | 500 | 141 |  |
| conditioned | kappa=1e+06 | 500 | lstsq | float16 | 10 | 0 | 0.961 | 0.173 | 0.471 | 8.16e-06 | 1.32 | 0.487 | 0.152 | 1 | 0 |  |  |  |  | 97.5 | 0 | 0.000488 | 410 | 536 |  |
| conditioned | kappa=1e+06 | 500 | gs | float64 | 1000 | 0 | 0.824 | 0.215 | 0.353 | 1.94e-05 | 1.03 | 0.00771 | 0.00449 | 0.3 | 304 |  |  |  |  | 0 | 0 | 2.22e-16 | 500 | 9.77 |  |
| conditioned | kappa=1e+06 | 500 | gs | float32 | 1000 | 1 |  |  |  |  |  |  |  |  |  |  |  |  |  | 0 | 0 | 0 | 0 | 0.382 | breakdown:cholesky:1000 |
| conditioned | kappa=1e+06 | 500 | gs | float16 | 100 | 1 |  |  |  |  |  |  |  |  |  |  |  |  |  | 0 | 0 | 0 | 0 | 0.57 | breakdown:cholesky:100 |
| conditioned | kappa=1e+08 | 500 | lstsq | float64 | 10 | 0 | 0.373 | 0.172 | 0.2 | 1.54e-07 | 1 | 0.119 | 0.0854 | 0 |  |  |  |  |  | 0 | 0 | 1.11e-16 | 500 | 274 |  |
| conditioned | kappa=1e+08 | 500 | lstsq | float32 | 10 | 0 | 0.416 | 0.178 | 0.213 | 1.86e-07 | 1.12 | 0.0825 | 0.0966 | 1 | 1 |  |  |  |  | 0 | 0 | 5.96e-08 | 500 | 144 |  |
| conditioned | kappa=1e+08 | 500 | lstsq | float16 | 10 | 0 | 0.64 | 0.152 | 0.329 | 7.9e-08 | 1.72 | 0.14 | 0.148 | 1 | 0 |  |  |  |  | 91.9 | 0 | 0.000977 | 413 | 664 |  |
| conditioned | kappa=1e+08 | 500 | gs | float64 | 1000 | 0 | 0.785 | 0.188 | 0.36 | 2.27e-07 | 1.98 | 0.00853 | 0.00436 | 1 | 3 |  |  |  |  | 0 | 0 | 2.22e-16 | 500 | 9.89 |  |
| conditioned | kappa=1e+08 | 500 | gs | float32 | 1000 | 1 |  |  |  |  |  |  |  |  |  |  |  |  |  | 0 | 0 | 0 | 0 | 0.345 | breakdown:cholesky:1000 |
| conditioned | kappa=1e+08 | 500 | gs | float16 | 100 | 1 |  |  |  |  |  |  |  |  |  |  |  |  |  | 0 | 0 | 0 | 0 | 0.457 | breakdown:cholesky:100 |
| collinear | eta=0.001 | 500 | lstsq | float64 | 10 | 0 | 0.21 | 0.0873 | 0.0916 | 1.56e-05 | 1 | 0.0326 | 0.0326 | 0 |  |  |  |  |  | 0 | 0 | 1.11e-16 | 500 | 262 |  |
| collinear | eta=0.001 | 500 | lstsq | float32 | 10 | 0 | 0.00129 | 0.000842 | 0.000611 | 1.5e-05 | 0.00615 | 0.000337 | 0.000222 | 1 | 25.5 |  |  |  |  | 6.5 | 0 | 5.96e-08 | 497 | 143 |  |
| collinear | eta=0.001 | 500 | lstsq | float16 | 10 | 0 | 0.00123 | 0.000955 | 0.000568 | 4.79e-06 | 0.00584 | 0.000572 | 0.000167 | 1 | 0 |  |  |  |  | 236 | 0 | 0.000977 | 244 | 173 |  |
| collinear | eta=0.001 | 500 | gs | float64 | 720 | 0 | 0.2 | 0.115 | 0.0833 | 1.62e-05 | 1 | 0.00366 | 0.00166 | 0.6 | 142 |  |  |  |  | 0 | 0 | 3.33e-16 | 500 | 9.87 |  |
| collinear | eta=0.001 | 500 | gs | float32 | 300 | 1 |  |  |  |  |  |  |  |  |  |  |  |  |  | 0 | 0 | 0 | 0 | 0.137 | breakdown:cholesky:300 |
| collinear | eta=0.001 | 500 | gs | float16 | 100 | 1 |  |  |  |  |  |  |  |  |  |  |  |  |  | 0 | 0 | 0 | 0 | 0.00734 | breakdown:cholesky:100 |
| collinear | eta=0.1 | 500 | lstsq | float64 | 10 | 0 | 0.737 | 0.357 | 0.378 | 0.00015 | 1 | 0.233 | 0.16 | 0 |  |  |  |  |  | 0 | 0 | 1.11e-16 | 500 | 268 |  |
| collinear | eta=0.1 | 500 | lstsq | float32 | 10 | 0 | 0.737 | 0.317 | 0.378 | 0.000152 | 1 | 0.251 | 0.157 | 0.1 | 85 |  |  |  |  | 0 | 0 | 5.96e-08 | 500 | 145 |  |
| collinear | eta=0.1 | 500 | lstsq | float16 | 10 | 0 | 0.525 | 0.294 | 0.261 | 0.000142 | 0.712 | 0.158 | 0.043 | 1 | 0 |  |  |  |  | 172 | 0 | 0.000488 | 344 | 234 |  |
| collinear | eta=0.1 | 500 | gs | float64 | 1000 | 0 | 0.748 | 0.392 | 0.322 | 0.000151 | 1 | 0.0118 | 0.00735 | 0 |  |  |  |  |  | 0 | 0 | 4.44e-16 | 500 | 9.77 |  |
| collinear | eta=0.1 | 500 | gs | float32 | 1000 | 0.09 | 0.826 | 0.398 | 0.33 | 0.000144 | 0.66 | 0.0222 | 0.0154 | 1 | 1 |  |  |  |  | 0.065 | 0 | 1.19e-07 | 500 | 2.79 | breakdown:cholesky:90 |
| collinear | eta=0.1 | 500 | gs | float16 | 100 | 1 |  |  |  |  |  |  |  |  |  |  |  |  |  | 0 | 0 | 0 | 0 | 0.506 | breakdown:cholesky:100 |
| collinear | eta=1e-05 | 500 | lstsq | float64 | 10 | 0 | 1.25e-05 | 8.06e-06 | 5.62e-06 | 3.01e-07 | 1 | 3.29e-06 | 1.65e-06 | 0 |  |  |  |  |  | 0 | 0 | 1.11e-16 | 500 | 263 |  |
| collinear | eta=1e-05 | 500 | lstsq | float32 | 10 | 0 | 1.16e-05 | 9.08e-06 | 5.56e-06 | 3.21e-07 | 0.929 | 5.69e-06 | 1.81e-06 | 1 | 1 |  |  |  |  | 157 | 0.2 | 5.96e-08 | 359 | 110 |  |
| collinear | eta=1e-05 | 500 | lstsq | float16 | 10 | 0.1 | 1.28e-05 | 9.72e-06 | 6.96e-06 | 5.42e-08 | 1 | 2.64e-06 | 1.5e-06 | 1 | 0 |  |  |  |  | 209 | 0 | 0.000977 | 242 | 176 | nonfinite_u:1 |
| collinear | eta=1e-05 | 500 | gs | float64 | 300 | 0 | 1.18e-05 | 9.5e-06 | 5.03e-06 | 3.53e-07 | 1.23 | 7.62e-07 | 3.44e-07 | 1 | 0 |  |  |  |  | 0 | 0 | 4.44e-16 | 500 | 9.02 |  |
| collinear | eta=1e-05 | 500 | gs | float32 | 300 | 1 |  |  |  |  |  |  |  |  |  |  |  |  |  | 0 | 0 | 0 | 0 | 0.00853 | breakdown:cholesky:300 |
| collinear | eta=1e-05 | 500 | gs | float16 | 100 | 1 |  |  |  |  |  |  |  |  |  |  |  |  |  | 0 | 0 | 0 | 0 | 0.0075 | breakdown:cholesky:100 |
| collinear | eta=1e-07 | 500 | lstsq | float64 | 10 | 0 | 1.23e-07 | 7.99e-08 | 6.59e-08 | 1.87e-09 | 1 | 4.06e-08 | 1.47e-08 | 0 |  |  |  |  |  | 0 | 0 | 1.11e-16 | 500 | 264 |  |
| collinear | eta=1e-07 | 500 | lstsq | float32 | 10 | 0 | 1.88e-07 | 8.44e-08 | 9.36e-08 | 4.14e-10 | 1.53 | 4.68e-08 | 1.97e-08 | 1 | 0 |  |  |  |  | 223 | 0 | 5.96e-08 | 251 | 72.7 |  |
| collinear | eta=1e-07 | 500 | lstsq | float16 | 10 | 1 |  |  |  |  |  |  |  |  |  |  |  |  |  | 0 | 0 | 0 | 0 | 1.93 | nonfinite_u:10 |
| collinear | eta=1e-07 | 500 | gs | float64 | 300 | 1 |  |  |  |  |  |  |  |  |  |  |  |  |  | 0 | 0 | 0 | 0 | 1.18 | breakdown:cholesky:300 |
| collinear | eta=1e-07 | 500 | gs | float32 | 300 | 1 |  |  |  |  |  |  |  |  |  |  |  |  |  | 0 | 0 | 0 | 0 | 0.00923 | breakdown:cholesky:300 |
| collinear | eta=1e-07 | 500 | gs | float16 | 100 | 1 |  |  |  |  |  |  |  |  |  |  |  |  |  | 0 | 0 | 0 | 0 | 0.00729 | breakdown:cholesky:100 |
| harshaw | corr=0,d=5,phi=0.01 | 500 | lstsq | float64 | 10 | 0 | 0.508 | 0.161 | 0.269 | 0.0803 | 1 | 0.166 | 0.114 | 0 |  |  |  |  |  | 0 | 0 | 2.22e-16 | 500 | 312 |  |
| harshaw | corr=0,d=5,phi=0.01 | 500 | lstsq | float32 | 10 | 0 | 0.508 | 0.161 | 0.269 | 0.0803 | 1 | 0.166 | 0.114 | 0 |  |  |  |  |  | 0 | 0 | 1.19e-07 | 500 | 163 |  |
| harshaw | corr=0,d=5,phi=0.01 | 500 | lstsq | float16 | 10 | 0 | 0.754 | 0.153 | 0.347 | 0.0905 | 1.49 | 0.0918 | 0.161 | 0.9 | 478 |  |  |  |  | 1.2 | 0 | 0.000488 | 500 | 383 |  |
| harshaw | corr=0,d=5,phi=0.01 | 500 | chol | float64 | 500 | 0 | 0.557 | 0.163 | 0.249 | 0.154 | 1 | 0.0145 | 0.0158 | 0 |  |  |  |  |  | 0 | 0 | 4.44e-16 | 500 | 0.173 |  |
| harshaw | corr=0,d=5,phi=0.01 | 500 | chol | float32 | 500 | 0 | 0.55 | 0.164 | 0.247 | 0.154 | 0.966 | 0.0079 | 0.00468 | 0.1 | 494 |  |  |  |  | 0 | 0 | 2.38e-07 | 500 | 0.177 |  |
| harshaw | corr=0,d=5,phi=0.01 | 500 | chol | float16 | 500 | 1 |  |  |  |  |  |  |  |  |  |  |  |  |  | 1.11 | 0 | 0.000977 | 447 | 0.169 | breakdown:downdate:500 |
| harshaw | corr=0,d=5,phi=0.01 | 500 | chol_rk10 | float64 | 500 | 0 | 0.557 | 0.163 | 0.249 | 0.154 | 1 | 0.0145 | 0.0158 | 0 |  |  |  |  |  | 0 | 0 | 2.22e-16 | 500 | 0.185 |  |
| harshaw | corr=0,d=5,phi=0.01 | 500 | chol_rk10 | float32 | 500 | 0 | 0.556 | 0.165 | 0.248 | 0.154 | 1 | 0.00856 | 0.00472 | 0 |  |  |  |  |  | 0 | 0 | 2.38e-07 | 500 | 0.19 |  |
| harshaw | corr=0,d=5,phi=0.01 | 500 | chol_rk10 | float16 | 500 | 0 | 7.62 | 0.665 | 3.56 | 0.15 | 16.3 | 0.113 | 0.225 | 1 | 456 |  |  |  |  | 1.13 | 0 | 0.00146 | 500 | 0.205 |  |
| harshaw | corr=0,d=5,phi=0.01 | 500 | gs | float64 | 300 | 0 | 0.546 | 0.166 | 0.251 | 0.155 | 1 | 0.0246 | 0.0205 | 0 |  |  |  |  |  | 0 | 0 | 3.33e-16 | 500 | 9.04 |  |
| harshaw | corr=0,d=5,phi=0.01 | 500 | gs | float32 | 300 | 0 | 0.548 | 0.166 | 0.252 | 0.155 | 1 | 0.0258 | 0.0205 | 0 |  |  |  |  |  | 0 | 0 | 1.19e-07 | 500 | 2.93 |  |
| harshaw | corr=0,d=5,phi=0.01 | 500 | gs | float16 | 100 | 0 | 1.59 | 0.195 | 0.721 | 0.146 | 2.55 | 0.0921 | 0.102 | 1 | 0 |  |  |  |  | 2.44 | 0.11 | 0.000977 | 500 | 11.1 |  |
| harshaw | corr=0,d=5,phi=0.1 | 500 | lstsq | float64 | 10 | 0 | 0.627 | 0.505 | 0.308 | 0.534 | 1 | 0.205 | 0.128 | 0 |  |  |  |  |  | 0 | 0 | 1.11e-16 | 500 | 301 |  |
| harshaw | corr=0,d=5,phi=0.1 | 500 | lstsq | float32 | 10 | 0 | 0.627 | 0.505 | 0.308 | 0.534 | 1 | 0.205 | 0.128 | 0 |  |  |  |  |  | 0 | 0 | 5.96e-08 | 500 | 167 |  |
| harshaw | corr=0,d=5,phi=0.1 | 500 | lstsq | float16 | 10 | 0 | 0.801 | 0.452 | 0.355 | 0.547 | 1.28 | 0.165 | 0.13 | 0.6 | 460 |  |  |  |  | 0.3 | 0 | 0.000488 | 500 | 357 |  |
| harshaw | corr=0,d=5,phi=0.1 | 500 | chol | float64 | 500 | 0 | 0.606 | 0.492 | 0.285 | 0.5 | 1 | 0.0257 | 0.0144 | 0 |  |  |  |  |  | 0 | 0 | 2.22e-16 | 500 | 0.164 |  |
| harshaw | corr=0,d=5,phi=0.1 | 500 | chol | float32 | 500 | 0 | 0.606 | 0.492 | 0.286 | 0.5 | 1 | 0.0256 | 0.0144 | 0 |  |  |  |  |  | 0 | 0 | 1.19e-07 | 500 | 0.171 |  |
| harshaw | corr=0,d=5,phi=0.1 | 500 | chol | float16 | 500 | 1 |  |  |  |  |  |  |  |  |  |  |  |  |  | 0.64 | 0 | 0.000977 | 444 | 0.165 | breakdown:downdate:500 |
| harshaw | corr=0,d=5,phi=0.1 | 500 | chol_rk10 | float64 | 500 | 0 | 0.606 | 0.492 | 0.285 | 0.5 | 1 | 0.0257 | 0.0144 | 0 |  |  |  |  |  | 0 | 0 | 1.11e-16 | 500 | 0.184 |  |
| harshaw | corr=0,d=5,phi=0.1 | 500 | chol_rk10 | float32 | 500 | 0 | 0.604 | 0.492 | 0.284 | 0.499 | 1 | 0.0267 | 0.0144 | 0 |  |  |  |  |  | 0 | 0 | 1.19e-07 | 500 | 0.192 |  |
| harshaw | corr=0,d=5,phi=0.1 | 500 | chol_rk10 | float16 | 500 | 0 | 0.9 | 0.498 | 0.392 | 0.508 | 1.83 | 0.0328 | 0.0147 | 1 | 465 |  |  |  |  | 0.588 | 0 | 0.000488 | 500 | 0.204 |  |
| harshaw | corr=0,d=5,phi=0.1 | 500 | gs | float64 | 300 | 0 | 0.597 | 0.481 | 0.28 | 0.524 | 1 | 0.0306 | 0.0195 | 0 |  |  |  |  |  | 0 | 0 | 2.22e-16 | 500 | 8.96 |  |
| harshaw | corr=0,d=5,phi=0.1 | 500 | gs | float32 | 300 | 0 | 0.597 | 0.481 | 0.28 | 0.524 | 1 | 0.0306 | 0.0195 | 0 |  |  |  |  |  | 0 | 0 | 5.96e-08 | 500 | 3.06 |  |
| harshaw | corr=0,d=5,phi=0.1 | 500 | gs | float16 | 100 | 0 | 0.646 | 0.487 | 0.301 | 0.525 | 0.969 | 0.0868 | 0.0324 | 1 | 456 |  |  |  |  | 0.68 | 0.01 | 0.000488 | 500 | 13.7 |  |
| harshaw | corr=0,d=5,phi=0.5 | 500 | lstsq | float64 | 10 | 0 | 1.62 | 0.992 | 0.75 | 1.24 | 1 | 0.484 | 0.109 | 0 |  |  |  |  |  | 0 | 0 | 1.11e-16 | 500 | 302 |  |
| harshaw | corr=0,d=5,phi=0.5 | 500 | lstsq | float32 | 10 | 0 | 1.62 | 0.992 | 0.75 | 1.24 | 1 | 0.484 | 0.109 | 0 |  |  |  |  |  | 0 | 0 | 5.96e-08 | 500 | 174 |  |
| harshaw | corr=0,d=5,phi=0.5 | 500 | lstsq | float16 | 10 | 0 | 1.68 | 0.986 | 0.798 | 1.24 | 1.04 | 0.583 | 0.1 | 0.1 | 490 |  |  |  |  | 0 | 0 | 0.000488 | 500 | 340 |  |
| harshaw | corr=0,d=5,phi=0.5 | 500 | chol | float64 | 500 | 0 | 1.42 | 1.1 | 0.563 | 1.12 | 1 | 0.062 | 0.0308 | 0 |  |  |  |  |  | 0 | 0 | 1.11e-16 | 500 | 0.158 |  |
| harshaw | corr=0,d=5,phi=0.5 | 500 | chol | float32 | 500 | 0 | 1.42 | 1.1 | 0.563 | 1.12 | 1 | 0.062 | 0.0308 | 0 |  |  |  |  |  | 0 | 0 | 5.96e-08 | 500 | 0.164 |  |
| harshaw | corr=0,d=5,phi=0.5 | 500 | chol | float16 | 500 | 1 |  |  |  |  |  |  |  |  |  |  |  |  |  | 0.648 | 0 | 0.000977 | 458 | 0.171 | breakdown:downdate:500 |
| harshaw | corr=0,d=5,phi=0.5 | 500 | chol_rk10 | float64 | 500 | 0 | 1.42 | 1.1 | 0.563 | 1.12 | 1 | 0.062 | 0.0308 | 0 |  |  |  |  |  | 0 | 0 | 1.11e-16 | 500 | 0.174 |  |
| harshaw | corr=0,d=5,phi=0.5 | 500 | chol_rk10 | float32 | 500 | 0 | 1.42 | 1.1 | 0.563 | 1.12 | 1 | 0.062 | 0.0308 | 0 |  |  |  |  |  | 0 | 0 | 5.96e-08 | 500 | 0.177 |  |
| harshaw | corr=0,d=5,phi=0.5 | 500 | chol_rk10 | float16 | 500 | 0 | 1.42 | 1.1 | 0.563 | 1.11 | 0.984 | 0.0559 | 0.0309 | 0.1 | 496 |  |  |  |  | 0.132 | 0 | 0.000488 | 500 | 0.203 |  |
| harshaw | corr=0,d=5,phi=0.5 | 500 | gs | float64 | 300 | 0 | 1.48 | 1.09 | 0.596 | 1.1 | 1 | 0.0937 | 0.0402 | 0 |  |  |  |  |  | 0 | 0 | 1.11e-16 | 500 | 9.19 |  |
| harshaw | corr=0,d=5,phi=0.5 | 500 | gs | float32 | 300 | 0 | 1.48 | 1.09 | 0.596 | 1.1 | 1 | 0.0937 | 0.0402 | 0 |  |  |  |  |  | 0 | 0 | 5.96e-08 | 500 | 3.11 |  |
| harshaw | corr=0,d=5,phi=0.5 | 500 | gs | float16 | 100 | 0 | 1.27 | 1.06 | 0.595 | 1.05 | 1.04 | 0.091 | 0.0692 | 0 |  |  |  |  |  | 0.12 | 0.01 | 0.000488 | 500 | 19 |  |
| harshaw | corr=0,d=50,phi=0.01 | 500 | lstsq | float64 | 10 | 0 | 0.801 | 0.203 | 0.382 | 0.157 | 1 | 0.121 | 0.176 | 0 |  |  |  |  |  | 0 | 0 | 1.11e-16 | 500 | 248 |  |
| harshaw | corr=0,d=50,phi=0.01 | 500 | lstsq | float32 | 10 | 0 | 0.801 | 0.203 | 0.382 | 0.157 | 1 | 0.121 | 0.176 | 0 |  |  |  |  |  | 0 | 0 | 5.96e-08 | 500 | 159 |  |
| harshaw | corr=0,d=50,phi=0.01 | 500 | lstsq | float16 | 10 | 0 | 0.372 | 0.202 | 0.183 | 0.134 | 0.465 | 0.072 | 0.0411 | 1 | 237 |  |  |  |  | 15 | 0 | 0.000488 | 491 | 411 |  |
| harshaw | corr=0,d=50,phi=0.01 | 500 | chol | float64 | 500 | 0 | 0.678 | 0.249 | 0.314 | 0.18 | 1 | 0.0134 | 0.00708 | 0 |  |  |  |  |  | 0 | 0 | 2.22e-16 | 500 | 0.941 |  |
| harshaw | corr=0,d=50,phi=0.01 | 500 | chol | float32 | 500 | 0 | 0.682 | 0.249 | 0.324 | 0.179 | 1.04 | 0.0141 | 0.00669 | 0.2 | 449 |  |  |  |  | 0 | 0 | 1.19e-07 | 500 | 1.02 |  |
| harshaw | corr=0,d=50,phi=0.01 | 500 | chol | float16 | 500 | 1 |  |  |  |  |  |  |  |  |  |  |  |  |  | 9.81 | 0.002 | 0.000977 | 338 | 0.921 | breakdown:downdate:500 |
| harshaw | corr=0,d=50,phi=0.01 | 500 | chol_rk10 | float64 | 500 | 0 | 0.678 | 0.249 | 0.314 | 0.18 | 1 | 0.0134 | 0.00708 | 0 |  |  |  |  |  | 0 | 0 | 1.11e-16 | 500 | 1.11 |  |
| harshaw | corr=0,d=50,phi=0.01 | 500 | chol_rk10 | float32 | 500 | 0 | 0.692 | 0.244 | 0.32 | 0.179 | 1.04 | 0.0154 | 0.0066 | 0.4 | 437 |  |  |  |  | 0.004 | 0 | 1.19e-07 | 500 | 1.06 |  |
| harshaw | corr=0,d=50,phi=0.01 | 500 | chol_rk10 | float16 | 500 | 0 | 2.59 | 0.64 | 1.11 | 0.16 | 2.92 | 0.0538 | 0.0704 | 1 | 151 |  |  |  |  | 18 | 0.002 | 0.000488 | 493 | 1.87 |  |
| harshaw | corr=0,d=50,phi=0.01 | 500 | gs | float64 | 300 | 0 | 0.681 | 0.248 | 0.311 | 0.185 | 1 | 0.0193 | 0.0254 | 0 |  |  |  |  |  | 0 | 0 | 2.22e-16 | 500 | 9.34 |  |
| harshaw | corr=0,d=50,phi=0.01 | 500 | gs | float32 | 300 | 0 | 0.688 | 0.248 | 0.317 | 0.184 | 1 | 0.0165 | 0.00861 | 0 |  |  |  |  |  | 0.00333 | 0 | 1.19e-07 | 500 | 3.32 |  |
| harshaw | corr=0,d=50,phi=0.01 | 500 | gs | float16 | 100 | 0 | 0.745 | 0.262 | 0.367 | 0.172 | 0.965 | 0.0458 | 0.052 | 1 | 188 |  |  |  |  | 18.7 | 0.56 | 0.000488 | 500 | 8.44 |  |
| harshaw | corr=0,d=50,phi=0.1 | 500 | lstsq | float64 | 10 | 0 | 0.679 | 0.458 | 0.356 | 0.327 | 1 | 0.173 | 0.117 | 0 |  |  |  |  |  | 0 | 0 | 1.11e-16 | 500 | 337 |  |
| harshaw | corr=0,d=50,phi=0.1 | 500 | lstsq | float32 | 10 | 0 | 0.679 | 0.458 | 0.356 | 0.327 | 1 | 0.173 | 0.117 | 0 |  |  |  |  |  | 0 | 0 | 5.96e-08 | 500 | 190 |  |
| harshaw | corr=0,d=50,phi=0.1 | 500 | lstsq | float16 | 10 | 0 | 0.783 | 0.467 | 0.414 | 0.555 | 1.15 | 0.215 | 0.105 | 1 | 266 |  |  |  |  | 12.6 | 0 | 0.000488 | 492 | 376 |  |
| harshaw | corr=0,d=50,phi=0.1 | 500 | chol | float64 | 500 | 0 | 0.817 | 0.531 | 0.363 | 0.508 | 1 | 0.0306 | 0.0148 | 0 |  |  |  |  |  | 0 | 0 | 1.11e-16 | 500 | 0.924 |  |
| harshaw | corr=0,d=50,phi=0.1 | 500 | chol | float32 | 500 | 0 | 0.814 | 0.532 | 0.359 | 0.509 | 1 | 0.0304 | 0.0227 | 0 |  |  |  |  |  | 0.002 | 0 | 5.96e-08 | 500 | 0.967 |  |
| harshaw | corr=0,d=50,phi=0.1 | 500 | chol | float16 | 500 | 1 |  |  |  |  |  |  |  |  |  |  |  |  |  | 7.41 | 0 | 0.000488 | 356 | 0.942 | breakdown:downdate:500 |
| harshaw | corr=0,d=50,phi=0.1 | 500 | chol_rk10 | float64 | 500 | 0 | 0.817 | 0.531 | 0.363 | 0.508 | 1 | 0.0306 | 0.0148 | 0 |  |  |  |  |  | 0 | 0 | 1.11e-16 | 500 | 1.08 |  |
| harshaw | corr=0,d=50,phi=0.1 | 500 | chol_rk10 | float32 | 500 | 0 | 0.818 | 0.532 | 0.363 | 0.509 | 1 | 0.0296 | 0.0147 | 0 |  |  |  |  |  | 0 | 0 | 5.96e-08 | 500 | 1.09 |  |
| harshaw | corr=0,d=50,phi=0.1 | 500 | chol_rk10 | float16 | 500 | 0 | 0.888 | 0.527 | 0.397 | 0.518 | 0.912 | 0.0339 | 0.0145 | 1 | 256 |  |  |  |  | 11.2 | 0.004 | 0.000488 | 499 | 1.87 |  |
| harshaw | corr=0,d=50,phi=0.1 | 500 | gs | float64 | 300 | 0 | 0.807 | 0.523 | 0.363 | 0.512 | 1 | 0.0393 | 0.0197 | 0 |  |  |  |  |  | 0 | 0 | 1.11e-16 | 500 | 9.18 |  |
| harshaw | corr=0,d=50,phi=0.1 | 500 | gs | float32 | 300 | 0 | 0.806 | 0.522 | 0.362 | 0.512 | 1 | 0.0401 | 0.0197 | 0 |  |  |  |  |  | 0.00333 | 0 | 5.96e-08 | 500 | 3.44 |  |
| harshaw | corr=0,d=50,phi=0.1 | 500 | gs | float16 | 100 | 0 | 0.858 | 0.542 | 0.366 | 0.494 | 1.08 | 0.0675 | 0.0329 | 1 | 238 |  |  |  |  | 11.8 | 0.27 | 0.000488 | 500 | 8.3 |  |
| harshaw | corr=0,d=50,phi=0.5 | 500 | lstsq | float64 | 10 | 0 | 1.48 | 0.958 | 0.723 | 0.904 | 1 | 0.497 | 0.221 | 0 |  |  |  |  |  | 0 | 0 | 1.11e-16 | 500 | 345 |  |
| harshaw | corr=0,d=50,phi=0.5 | 500 | lstsq | float32 | 10 | 0 | 1.48 | 0.958 | 0.723 | 0.904 | 1 | 0.497 | 0.221 | 0 |  |  |  |  |  | 0 | 0 | 5.96e-08 | 500 | 179 |  |
| harshaw | corr=0,d=50,phi=0.5 | 500 | lstsq | float16 | 10 | 0 | 1.47 | 0.98 | 0.749 | 0.654 | 0.997 | 0.399 | 0.19 | 1 | 348 |  |  |  |  | 2.7 | 0 | 0.000488 | 499 | 370 |  |
| harshaw | corr=0,d=50,phi=0.5 | 500 | chol | float64 | 500 | 0 | 1.28 | 1.1 | 0.54 | 1.03 | 1 | 0.0838 | 0.0316 | 0 |  |  |  |  |  | 0 | 0 | 1.11e-16 | 500 | 0.932 |  |
| harshaw | corr=0,d=50,phi=0.5 | 500 | chol | float32 | 500 | 0 | 1.28 | 1.1 | 0.54 | 1.03 | 1 | 0.0838 | 0.0316 | 0 |  |  |  |  |  | 0 | 0 | 5.96e-08 | 500 | 0.93 |  |
| harshaw | corr=0,d=50,phi=0.5 | 500 | chol | float16 | 500 | 0 | 1.24 | 1.11 | 0.53 | 1.07 | 0.733 | 0.0767 | 0.0241 | 1 | 267 |  |  |  |  | 5.93 | 0.002 | 0.000488 | 500 | 1.16 |  |
| harshaw | corr=0,d=50,phi=0.5 | 500 | chol_rk10 | float64 | 500 | 0 | 1.28 | 1.1 | 0.54 | 1.03 | 1 | 0.0838 | 0.0316 | 0 |  |  |  |  |  | 0 | 0 | 1.11e-16 | 500 | 1.1 |  |
| harshaw | corr=0,d=50,phi=0.5 | 500 | chol_rk10 | float32 | 500 | 0 | 1.28 | 1.1 | 0.54 | 1.03 | 1 | 0.0838 | 0.0316 | 0 |  |  |  |  |  | 0 | 0 | 5.96e-08 | 500 | 1.12 |  |
| harshaw | corr=0,d=50,phi=0.5 | 500 | chol_rk10 | float16 | 500 | 0 | 1.2 | 1.12 | 0.535 | 1.01 | 0.873 | 0.064 | 0.0309 | 1 | 347 |  |  |  |  | 2.58 | 0 | 0.000488 | 500 | 1.88 |  |
| harshaw | corr=0,d=50,phi=0.5 | 500 | gs | float64 | 300 | 0 | 1.32 | 1.11 | 0.536 | 1.05 | 1 | 0.0858 | 0.0405 | 0 |  |  |  |  |  | 0 | 0 | 1.11e-16 | 500 | 9.05 |  |
| harshaw | corr=0,d=50,phi=0.5 | 500 | gs | float32 | 300 | 0 | 1.32 | 1.11 | 0.536 | 1.05 | 1 | 0.0858 | 0.0405 | 0 |  |  |  |  |  | 0 | 0 | 5.96e-08 | 500 | 3.23 |  |
| harshaw | corr=0,d=50,phi=0.5 | 500 | gs | float16 | 100 | 0 | 1.29 | 1.03 | 0.569 | 0.978 | 0.861 | 0.15 | 0.0613 | 1 | 348 |  |  |  |  | 2.47 | 0.11 | 0.000488 | 500 | 11.8 |  |
| harshaw | corr=1,d=5,phi=0.01 | 500 | lstsq | float64 | 10 | 0 | 0.592 | 0.153 | 0.262 | 0.155 | 1 | 0.139 | 0.112 | 0 |  |  |  |  |  | 0 | 0 | 1.11e-16 | 500 | 316 |  |
| harshaw | corr=1,d=5,phi=0.01 | 500 | lstsq | float32 | 10 | 0 | 0.592 | 0.153 | 0.262 | 0.155 | 1 | 0.139 | 0.112 | 0 |  |  |  |  |  | 0 | 0 | 5.96e-08 | 500 | 169 |  |
| harshaw | corr=1,d=5,phi=0.01 | 500 | lstsq | float16 | 10 | 0 | 0.603 | 0.149 | 0.277 | 0.148 | 1.02 | 0.141 | 0.122 | 0.4 | 480 |  |  |  |  | 0.1 | 0 | 0.000488 | 500 | 397 |  |
| harshaw | corr=1,d=5,phi=0.01 | 500 | chol | float64 | 500 | 0 | 0.578 | 0.158 | 0.239 | 0.159 | 1 | 0.00787 | 0.00447 | 0 |  |  |  |  |  | 0 | 0 | 2.22e-16 | 500 | 0.17 |  |
| harshaw | corr=1,d=5,phi=0.01 | 500 | chol | float32 | 500 | 0 | 0.577 | 0.159 | 0.238 | 0.159 | 1 | 0.00799 | 0.00447 | 0 |  |  |  |  |  | 0 | 0 | 2.38e-07 | 500 | 0.172 |  |
| harshaw | corr=1,d=5,phi=0.01 | 500 | chol | float16 | 500 | 1 |  |  |  |  |  |  |  |  |  |  |  |  |  | 74.3 | 0.014 | 0.00146 | 304 | 0.113 | breakdown:downdate:497;nonfinite_u:3 |
| harshaw | corr=1,d=5,phi=0.01 | 500 | chol_rk10 | float64 | 500 | 0 | 0.578 | 0.158 | 0.239 | 0.159 | 1 | 0.00787 | 0.00447 | 0 |  |  |  |  |  | 0 | 0 | 2.22e-16 | 500 | 0.18 |  |
| harshaw | corr=1,d=5,phi=0.01 | 500 | chol_rk10 | float32 | 500 | 0 | 0.576 | 0.159 | 0.238 | 0.159 | 1.02 | 0.00843 | 0.00483 | 0 |  |  |  |  |  | 0 | 0 | 1.19e-07 | 500 | 0.182 |  |
| harshaw | corr=1,d=5,phi=0.01 | 500 | chol_rk10 | float16 | 500 | 0.018 | 18.5 | 0.906 | 8.41 | 0.129 | 30.4 | 0.169 | 0.538 | 1 | 17 |  |  |  |  | 61.9 | 0.028 | 0.000977 | 500 | 0.187 | breakdown:cholesky:7;breakdown:downdate:2 |
| harshaw | corr=1,d=5,phi=0.01 | 500 | gs | float64 | 300 | 0 | 0.591 | 0.154 | 0.238 | 0.151 | 1 | 0.0123 | 0.0194 | 0 |  |  |  |  |  | 0 | 0 | 2.22e-16 | 500 | 8.86 |  |
| harshaw | corr=1,d=5,phi=0.01 | 500 | gs | float32 | 300 | 0 | 0.591 | 0.154 | 0.238 | 0.151 | 1 | 0.0123 | 0.0194 | 0 |  |  |  |  |  | 0 | 0 | 2.38e-07 | 500 | 3 |  |
| harshaw | corr=1,d=5,phi=0.01 | 500 | gs | float16 | 100 | 0 | 3.47 | 0.214 | 1.52 | 0.14 | 6.74 | 0.541 | 0.21 | 1 | 144 |  |  |  |  | 1.12 | 0.11 | 0.000488 | 500 | 13.2 |  |
| harshaw | corr=1,d=5,phi=0.1 | 500 | lstsq | float64 | 10 | 0 | 0.753 | 0.409 | 0.324 | 0.455 | 1 | 0.196 | 0.122 | 0 |  |  |  |  |  | 0 | 0 | 1.11e-16 | 500 | 295 |  |
| harshaw | corr=1,d=5,phi=0.1 | 500 | lstsq | float32 | 10 | 0 | 0.753 | 0.409 | 0.324 | 0.455 | 1 | 0.196 | 0.122 | 0 |  |  |  |  |  | 0 | 0 | 5.96e-08 | 500 | 165 |  |
| harshaw | corr=1,d=5,phi=0.1 | 500 | lstsq | float16 | 10 | 0 | 0.751 | 0.471 | 0.324 | 0.466 | 0.998 | 0.192 | 0.114 | 0.3 | 490 |  |  |  |  | 0.1 | 0 | 0.000488 | 500 | 381 |  |
| harshaw | corr=1,d=5,phi=0.1 | 500 | chol | float64 | 500 | 0 | 0.616 | 0.482 | 0.246 | 0.405 | 1 | 0.0206 | 0.0141 | 0 |  |  |  |  |  | 0 | 0 | 1.11e-16 | 500 | 0.18 |  |
| harshaw | corr=1,d=5,phi=0.1 | 500 | chol | float32 | 500 | 0 | 0.616 | 0.482 | 0.246 | 0.405 | 1 | 0.0206 | 0.0141 | 0 |  |  |  |  |  | 0 | 0 | 5.96e-08 | 500 | 0.17 |  |
| harshaw | corr=1,d=5,phi=0.1 | 500 | chol | float16 | 500 | 0.988 | 0.677 | 0.438 | 0.31 | 0.425 |  | 0.263 | 0.157 |  |  |  |  |  |  | 0.188 | 0 | 0.00146 | 500 | 0.178 | breakdown:downdate:494 |
| harshaw | corr=1,d=5,phi=0.1 | 500 | chol_rk10 | float64 | 500 | 0 | 0.616 | 0.482 | 0.246 | 0.405 | 1 | 0.0206 | 0.0141 | 0 |  |  |  |  |  | 0 | 0 | 1.11e-16 | 500 | 0.181 |  |
| harshaw | corr=1,d=5,phi=0.1 | 500 | chol_rk10 | float32 | 500 | 0 | 0.616 | 0.482 | 0.246 | 0.405 | 1 | 0.0204 | 0.014 | 0 |  |  |  |  |  | 0 | 0 | 1.19e-07 | 500 | 0.183 |  |
| harshaw | corr=1,d=5,phi=0.1 | 500 | chol_rk10 | float16 | 500 | 0 | 0.801 | 0.492 | 0.369 | 0.408 | 1.02 | 0.0195 | 0.0141 | 0.5 | 489 |  |  |  |  | 0.066 | 0 | 0.000488 | 500 | 0.203 |  |
| harshaw | corr=1,d=5,phi=0.1 | 500 | gs | float64 | 300 | 0 | 0.645 | 0.48 | 0.259 | 0.413 | 1 | 0.0366 | 0.0205 | 0 |  |  |  |  |  | 0 | 0 | 1.11e-16 | 500 | 9.09 |  |
| harshaw | corr=1,d=5,phi=0.1 | 500 | gs | float32 | 300 | 0 | 0.645 | 0.48 | 0.259 | 0.413 | 1 | 0.0366 | 0.0205 | 0 |  |  |  |  |  | 0 | 0 | 5.96e-08 | 500 | 2.82 |  |
| harshaw | corr=1,d=5,phi=0.1 | 500 | gs | float16 | 100 | 0 | 0.578 | 0.475 | 0.249 | 0.428 | 0.999 | 0.051 | 0.0312 | 0.4 | 490 |  |  |  |  | 0.06 | 0 | 0.000488 | 500 | 20.3 |  |
| harshaw | corr=1,d=5,phi=0.5 | 500 | lstsq | float64 | 10 | 0 | 1.62 | 0.941 | 0.693 | 0.721 | 1 | 0.352 | 0.159 | 0 |  |  |  |  |  | 0 | 0 | 1.11e-16 | 500 | 295 |  |
| harshaw | corr=1,d=5,phi=0.5 | 500 | lstsq | float32 | 10 | 0 | 1.62 | 0.941 | 0.693 | 0.721 | 1 | 0.352 | 0.159 | 0 |  |  |  |  |  | 0 | 0 | 5.96e-08 | 500 | 169 |  |
| harshaw | corr=1,d=5,phi=0.5 | 500 | lstsq | float16 | 10 | 0 | 1.62 | 0.942 | 0.693 | 0.73 | 0.999 | 0.356 | 0.154 | 0 |  |  |  |  |  | 0 | 0 | 0.000488 | 500 | 372 |  |
| harshaw | corr=1,d=5,phi=0.5 | 500 | chol | float64 | 500 | 0 | 1.27 | 1.1 | 0.519 | 1.03 | 1 | 0.0639 | 0.0313 | 0 |  |  |  |  |  | 0 | 0 | 1.11e-16 | 500 | 0.163 |  |
| harshaw | corr=1,d=5,phi=0.5 | 500 | chol | float32 | 500 | 0 | 1.27 | 1.1 | 0.519 | 1.03 | 1 | 0.0639 | 0.0313 | 0 |  |  |  |  |  | 0 | 0 | 5.96e-08 | 500 | 0.165 |  |
| harshaw | corr=1,d=5,phi=0.5 | 500 | chol | float16 | 500 | 0 | 1.56 | 1.09 | 0.711 | 1.04 | 1.34 | 0.0614 | 0.0316 | 0.2 | 484 |  |  |  |  | 0.004 | 0 | 0.000488 | 500 | 0.189 |  |
| harshaw | corr=1,d=5,phi=0.5 | 500 | chol_rk10 | float64 | 500 | 0 | 1.27 | 1.1 | 0.519 | 1.03 | 1 | 0.0639 | 0.0313 | 0 |  |  |  |  |  | 0 | 0 | 1.11e-16 | 500 | 0.175 |  |
| harshaw | corr=1,d=5,phi=0.5 | 500 | chol_rk10 | float32 | 500 | 0 | 1.27 | 1.1 | 0.519 | 1.03 | 1 | 0.0639 | 0.0313 | 0 |  |  |  |  |  | 0 | 0 | 5.96e-08 | 500 | 0.177 |  |
| harshaw | corr=1,d=5,phi=0.5 | 500 | chol_rk10 | float16 | 500 | 0 | 1.27 | 1.09 | 0.521 | 1.03 | 0.965 | 0.062 | 0.0314 | 0.1 | 474 |  |  |  |  | 0.02 | 0 | 0.000488 | 500 | 0.208 |  |
| harshaw | corr=1,d=5,phi=0.5 | 500 | gs | float64 | 300 | 0 | 1.33 | 1.08 | 0.544 | 1.05 | 1 | 0.0817 | 0.0389 | 0 |  |  |  |  |  | 0 | 0 | 1.11e-16 | 500 | 9.02 |  |
| harshaw | corr=1,d=5,phi=0.5 | 500 | gs | float32 | 300 | 0 | 1.33 | 1.08 | 0.544 | 1.05 | 1 | 0.0817 | 0.0389 | 0 |  |  |  |  |  | 0 | 0 | 5.96e-08 | 500 | 2.98 |  |
| harshaw | corr=1,d=5,phi=0.5 | 500 | gs | float16 | 100 | 0 | 1.29 | 1.06 | 0.564 | 1.04 | 0.999 | 0.126 | 0.0672 | 0 |  |  |  |  |  | 0 | 0 | 0.000488 | 500 | 24.2 |  |
| harshaw | corr=1,d=50,phi=0.01 | 500 | lstsq | float64 | 10 | 0 | 0.718 | 0.136 | 0.33 | 0.114 | 1 | 0.348 | 0.104 | 0 |  |  |  |  |  | 0 | 0 | 1.11e-16 | 500 | 188 |  |
| harshaw | corr=1,d=50,phi=0.01 | 500 | lstsq | float32 | 10 | 0 | 0.718 | 0.136 | 0.33 | 0.114 | 1 | 0.348 | 0.104 | 0 |  |  |  |  |  | 0 | 0 | 5.96e-08 | 500 | 102 |  |
| harshaw | corr=1,d=50,phi=0.01 | 500 | lstsq | float16 | 10 | 0 | 0.533 | 0.141 | 0.27 | 0.135 | 0.743 | 0.125 | 0.12 | 1 | 392 |  |  |  |  | 2.6 | 0 | 0.000977 | 500 | 484 |  |
| harshaw | corr=1,d=50,phi=0.01 | 500 | chol | float64 | 500 | 0 | 0.622 | 0.163 | 0.272 | 0.159 | 1 | 0.0261 | 0.0172 | 0 |  |  |  |  |  | 0 | 0 | 4.44e-16 | 500 | 0.922 |  |
| harshaw | corr=1,d=50,phi=0.01 | 500 | chol | float32 | 500 | 0 | 0.658 | 0.164 | 0.274 | 0.159 | 0.969 | 0.021 | 0.0173 | 0.1 | 443 |  |  |  |  | 0 | 0 | 1.19e-07 | 500 | 0.931 |  |
| harshaw | corr=1,d=50,phi=0.01 | 500 | chol | float16 | 500 | 1 |  |  |  |  |  |  |  |  |  |  |  |  |  | 41.5 | 0.004 | 0.000977 | 246 | 0.878 | breakdown:downdate:500 |
| harshaw | corr=1,d=50,phi=0.01 | 500 | chol_rk10 | float64 | 500 | 0 | 0.622 | 0.163 | 0.272 | 0.159 | 1 | 0.0261 | 0.0172 | 0 |  |  |  |  |  | 0 | 0 | 2.22e-16 | 500 | 1.09 |  |
| harshaw | corr=1,d=50,phi=0.01 | 500 | chol_rk10 | float32 | 500 | 0 | 0.617 | 0.166 | 0.267 | 0.159 | 0.993 | 0.0237 | 0.0169 | 0.1 | 434 |  |  |  |  | 0 | 0 | 1.19e-07 | 500 | 1.05 |  |
| harshaw | corr=1,d=50,phi=0.01 | 500 | chol_rk10 | float16 | 500 | 0 | 10 | 0.688 | 4.47 | 0.135 | 11.2 | 0.171 | 0.283 | 1 | 18 |  |  |  |  | 47.9 | 0.012 | 0.000977 | 480 | 1.97 |  |
| harshaw | corr=1,d=50,phi=0.01 | 500 | gs | float64 | 300 | 0 | 0.638 | 0.165 | 0.272 | 0.155 | 1 | 0.0283 | 0.0222 | 0 |  |  |  |  |  | 0 | 0 | 4.44e-16 | 500 | 9.21 |  |
| harshaw | corr=1,d=50,phi=0.01 | 500 | gs | float32 | 300 | 0 | 0.628 | 0.166 | 0.274 | 0.155 | 1 | 0.0277 | 0.0223 | 0 |  |  |  |  |  | 0 | 0 | 1.19e-07 | 500 | 2.84 |  |
| harshaw | corr=1,d=50,phi=0.01 | 500 | gs | float16 | 100 | 0 | 1.48 | 0.178 | 0.657 | 0.149 | 1.61 | 0.13 | 0.0925 | 1 | 40.5 |  |  |  |  | 4.79 | 0.12 | 0.000977 | 500 | 10.1 |  |
| harshaw | corr=1,d=50,phi=0.1 | 500 | lstsq | float64 | 10 | 0 | 0.694 | 0.476 | 0.307 | 0.338 | 1 | 0.281 | 0.11 | 0 |  |  |  |  |  | 0 | 0 | 1.11e-16 | 500 | 306 |  |
| harshaw | corr=1,d=50,phi=0.1 | 500 | lstsq | float32 | 10 | 0 | 0.694 | 0.476 | 0.307 | 0.338 | 1 | 0.281 | 0.11 | 0 |  |  |  |  |  | 0 | 0 | 5.96e-08 | 500 | 185 |  |
| harshaw | corr=1,d=50,phi=0.1 | 500 | lstsq | float16 | 10 | 0 | 0.658 | 0.433 | 0.329 | 0.352 | 0.948 | 0.206 | 0.107 | 0.7 | 410 |  |  |  |  | 1.2 | 0 | 0.000488 | 500 | 448 |  |
| harshaw | corr=1,d=50,phi=0.1 | 500 | chol | float64 | 500 | 0 | 0.704 | 0.484 | 0.313 | 0.509 | 1 | 0.0501 | 0.0197 | 0 |  |  |  |  |  | 0 | 0 | 2.22e-16 | 500 | 0.955 |  |
| harshaw | corr=1,d=50,phi=0.1 | 500 | chol | float32 | 500 | 0 | 0.704 | 0.484 | 0.314 | 0.509 | 1 | 0.0507 | 0.0197 | 0 |  |  |  |  |  | 0 | 0 | 5.96e-08 | 500 | 0.941 |  |
| harshaw | corr=1,d=50,phi=0.1 | 500 | chol | float16 | 500 | 1 |  |  |  |  |  |  |  |  |  |  |  |  |  | 1.22 | 0 | 0.000488 | 470 | 1.14 | breakdown:downdate:500 |
| harshaw | corr=1,d=50,phi=0.1 | 500 | chol_rk10 | float64 | 500 | 0 | 0.704 | 0.484 | 0.313 | 0.509 | 1 | 0.0501 | 0.0197 | 0 |  |  |  |  |  | 0 | 0 | 2.22e-16 | 500 | 1.1 |  |
| harshaw | corr=1,d=50,phi=0.1 | 500 | chol_rk10 | float32 | 500 | 0 | 0.704 | 0.484 | 0.314 | 0.509 | 1 | 0.0496 | 0.0197 | 0 |  |  |  |  |  | 0 | 0 | 1.19e-07 | 500 | 1.05 |  |
| harshaw | corr=1,d=50,phi=0.1 | 500 | chol_rk10 | float16 | 500 | 0 | 1.29 | 0.497 | 0.6 | 0.489 | 2.35 | 0.0334 | 0.038 | 1 | 393 |  |  |  |  | 1.38 | 0 | 0.000977 | 500 | 2.01 |  |
| harshaw | corr=1,d=50,phi=0.1 | 500 | gs | float64 | 300 | 0 | 0.73 | 0.474 | 0.322 | 0.477 | 1 | 0.0775 | 0.0259 | 0 |  |  |  |  |  | 0 | 0 | 1.11e-16 | 500 | 9.26 |  |
| harshaw | corr=1,d=50,phi=0.1 | 500 | gs | float32 | 300 | 0 | 0.73 | 0.474 | 0.322 | 0.477 | 1 | 0.0775 | 0.0259 | 0 |  |  |  |  |  | 0 | 0 | 5.96e-08 | 500 | 3.38 |  |
| harshaw | corr=1,d=50,phi=0.1 | 500 | gs | float16 | 100 | 0 | 0.63 | 0.464 | 0.295 | 0.461 | 0.996 | 0.133 | 0.0398 | 1 | 410 |  |  |  |  | 1.12 | 0.02 | 0.000488 | 500 | 11.6 |  |
| harshaw | corr=1,d=50,phi=0.5 | 500 | lstsq | float64 | 10 | 0 | 1.84 | 1.05 | 0.797 | 1.04 | 1 | 0.542 | 0.162 | 0 |  |  |  |  |  | 0 | 0 | 1.11e-16 | 500 | 349 |  |
| harshaw | corr=1,d=50,phi=0.5 | 500 | lstsq | float32 | 10 | 0 | 1.84 | 1.05 | 0.797 | 1.04 | 1 | 0.542 | 0.162 | 0 |  |  |  |  |  | 0 | 0 | 5.96e-08 | 500 | 191 |  |
| harshaw | corr=1,d=50,phi=0.5 | 500 | lstsq | float16 | 10 | 0 | 1.72 | 1.08 | 0.745 | 0.978 | 0.935 | 0.511 | 0.216 | 0.5 | 458 |  |  |  |  | 0.3 | 0 | 0.000488 | 500 | 431 |  |
| harshaw | corr=1,d=50,phi=0.5 | 500 | chol | float64 | 500 | 0 | 1.3 | 1.09 | 0.548 | 1.06 | 1 | 0.0634 | 0.0325 | 0 |  |  |  |  |  | 0 | 0 | 1.11e-16 | 500 | 0.913 |  |
| harshaw | corr=1,d=50,phi=0.5 | 500 | chol | float32 | 500 | 0 | 1.3 | 1.09 | 0.548 | 1.06 | 1 | 0.0634 | 0.0325 | 0 |  |  |  |  |  | 0 | 0 | 5.96e-08 | 500 | 0.927 |  |
| harshaw | corr=1,d=50,phi=0.5 | 500 | chol | float16 | 500 | 0 | 2.01 | 1.09 | 0.894 | 1.07 | 1.08 | 0.0677 | 0.0565 | 0.6 | 460 |  |  |  |  | 0.09 | 0 | 0.000488 | 500 | 1.23 |  |
| harshaw | corr=1,d=50,phi=0.5 | 500 | chol_rk10 | float64 | 500 | 0 | 1.3 | 1.09 | 0.548 | 1.06 | 1 | 0.0634 | 0.0325 | 0 |  |  |  |  |  | 0 | 0 | 1.11e-16 | 500 | 1.08 |  |
| harshaw | corr=1,d=50,phi=0.5 | 500 | chol_rk10 | float32 | 500 | 0 | 1.3 | 1.09 | 0.548 | 1.06 | 1 | 0.0634 | 0.0325 | 0 |  |  |  |  |  | 0 | 0 | 5.96e-08 | 500 | 1.05 |  |
| harshaw | corr=1,d=50,phi=0.5 | 500 | chol_rk10 | float16 | 500 | 0 | 1.28 | 1.08 | 0.544 | 1.05 | 0.938 | 0.0702 | 0.0325 | 0.4 | 438 |  |  |  |  | 0.162 | 0 | 0.000488 | 500 | 2.02 |  |
| harshaw | corr=1,d=50,phi=0.5 | 500 | gs | float64 | 300 | 0 | 1.36 | 1.07 | 0.549 | 1.08 | 1 | 0.0697 | 0.0365 | 0 |  |  |  |  |  | 0 | 0 | 1.11e-16 | 500 | 8.88 |  |
| harshaw | corr=1,d=50,phi=0.5 | 500 | gs | float32 | 300 | 0 | 1.36 | 1.07 | 0.549 | 1.08 | 1 | 0.0697 | 0.0365 | 0 |  |  |  |  |  | 0 | 0 | 5.96e-08 | 500 | 3.25 |  |
| harshaw | corr=1,d=50,phi=0.5 | 500 | gs | float16 | 100 | 0 | 1.4 | 1.03 | 0.573 | 0.968 | 1.01 | 0.123 | 0.0737 | 0.5 | 458 |  |  |  |  | 0.14 | 0 | 0.000488 | 500 | 17.2 |  |
figures written to /home/peter/Programming/gram_schmidt_walk/more_experiments/results/figures
